"","INSTNM","CITY","STABBR","ZIP","ACCREDAGENCY","INSTURL","NPCURL","SCH_DEG","HCM2","UG","UGDS_WHITE","UGDS_BLACK","UGDS_HISP","UGDS_ASIAN","UGDS_AIAN","UGDS_NHPI","UGDS_2MOR","UGDS_NRA","UGDS_UNKN","UGDS_WHITENH","UGDS_BLACKNH","UGDS_API","UGDS_AIANOLD","UGDS_HISPOLD","UG_NRA","UG_UNKN","UG_WHITENH","UG_BLACKNH","UG_API","UG_AIANOLD","UG_HISPOLD","PPTUG_EF","PPTUG_EF2","CURROPER","NPT4_PUB","NPT4_PRIV","NPT4_PROG","NPT4_OTHER","NPT41_PUB","NPT42_PUB","NPT43_PUB","NPT44_PUB","NPT45_PUB","NPT41_PRIV","NPT42_PRIV","NPT43_PRIV","NPT44_PRIV","NPT45_PRIV","NPT41_PROG","NPT42_PROG","NPT43_PROG","NPT44_PROG","NPT45_PROG","NPT41_OTHER","NPT42_OTHER","NPT43_OTHER","NPT44_OTHER","NPT45_OTHER","NPT4_048_PUB","NPT4_048_PRIV","NPT4_048_PROG","NPT4_048_OTHER","NPT4_3075_PUB","NPT4_3075_PRIV","NPT4_75UP_PUB","NPT4_75UP_PRIV","NPT4_3075_PROG","NPT4_3075_OTHER","NPT4_75UP_PROG","NPT4_75UP_OTHER","NUM4_PUB","NUM4_PRIV","NUM4_PROG","NUM4_OTHER","NUM41_PUB","NUM42_PUB","NUM43_PUB","NUM44_PUB","NUM45_PUB","NUM41_PRIV","NUM42_PRIV","NUM43_PRIV","NUM44_PRIV","NUM45_PRIV","NUM41_PROG","NUM42_PROG","NUM43_PROG","NUM44_PROG","NUM45_PROG","NUM41_OTHER","NUM42_OTHER","NUM43_OTHER","NUM44_OTHER","NUM45_OTHER","COSTT4_A","COSTT4_P","TUITIONFEE_IN","TUITIONFEE_OUT","TUITIONFEE_PROG","TUITFTE","INEXPFTE"
"1","University of Arkansas at Little Rock","Little Rock","AR","72204","North Central Association of Colleges and Schools The Higher Learning Commission","ualr.edu/www/","ualr.edu/finaid/npc/npcalc.htm","NULL",0,"NULL","0.5158","0.2679","0.0731","0.0229","0.0028","0","0.0889","0.024","0.0046","NULL","NULL","NULL","NULL","NULL","NULL","NULL","NULL","NULL","NULL","NULL","NULL","0.4187","NULL",1,"12218","NULL","NULL","NULL","11601","11289","12907","14295","14084","NULL","NULL","NULL","NULL","NULL","NULL","NULL","NULL","NULL","NULL","NULL","NULL","NULL","NULL","NULL","11511","NULL","NULL","NULL","11938","NULL","14211","NULL","NULL","NULL","NULL","NULL","495","NULL","NULL","NULL","237","97","65","58","38","NULL","NULL","NULL","NULL","NULL","NULL","NULL","NULL","NULL","NULL","NULL","NULL","NULL","NULL","NULL","20714","NULL","7624","17956","NULL","5470","7814"
"2","University of Arkansas for Medical Sciences","Little Rock","AR","72205-7199","North Central Association of Colleges and Schools The Higher Learning Commission","www.uams.edu","www.uams.edu","NULL",0,"NULL","0.7556","0.1143","0.0526","0.0263","0.0079","0","0.025","0.0039","0.0145","NULL","NULL","NULL","NULL","NULL","NULL","NULL","NULL","NULL","NULL","NULL","NULL","0.2444","NULL",1,"NULL","NULL","NULL","NULL","NULL","NULL","NULL","NULL","NULL","NULL","NULL","NULL","NULL","NULL","NULL","NULL","NULL","NULL","NULL","NULL","NULL","NULL","NULL","NULL","NULL","NULL","NULL","NULL","NULL","NULL","NULL","NULL","NULL","NULL","NULL","NULL","NULL","NULL","NULL","NULL","NULL","NULL","NULL","NULL","NULL","NULL","NULL","NULL","NULL","NULL","NULL","NULL","NULL","NULL","NULL","NULL","NULL","NULL","NULL","NULL","NULL","NULL","NULL","NULL","NULL","14247","60772"
"3","ABC Beauty College Inc","Arkadelphia","AR","71923","NULL","www.abc-beautycollege.com","www.abc-beautycollege.com","NULL",0,"NULL","0.5714","0.4286","0","0","0","0","0","0","0","NULL","NULL","NULL","NULL","NULL","NULL","NULL","NULL","NULL","NULL","NULL","NULL","0.1905","NULL",0,"NULL","5074","NULL","NULL","NULL","NULL","NULL","NULL","NULL","5074","NULL","NULL","NULL","NULL","NULL","NULL","NULL","NULL","NULL","NULL","NULL","NULL","NULL","NULL","NULL","5074","NULL","NULL","NULL","NULL","NULL","NULL","NULL","NULL","NULL","NULL","NULL","6","NULL","NULL","NULL","NULL","NULL","NULL","NULL","6","0","0","0","0","NULL","NULL","NULL","NULL","NULL","NULL","NULL","NULL","NULL","NULL","NULL","11465","NULL","NULL","12400","4665","7653"
"4","Arkansas Baptist College","Little Rock","AR","72202-6068","North Central Association of Colleges and Schools The Higher Learning Commission","www.arkansasbaptist.edu","arkansasbaptist.edu/New_NetPriceCalculator/npcalc.htm","NULL",1,"NULL","0.0394","0.9484","0.0061","0","0","0","0","0.0061","0","NULL","NULL","NULL","NULL","NULL","NULL","NULL","NULL","NULL","NULL","NULL","NULL","0.1365","NULL",1,"NULL","13892","NULL","NULL","NULL","NULL","NULL","NULL","NULL","13612","13577","17076","NULL","NULL","NULL","NULL","NULL","NULL","NULL","NULL","NULL","NULL","NULL","NULL","NULL","13607","NULL","NULL","NULL","14860","NULL","NULL","NULL","NULL","NULL","NULL","NULL","267","NULL","NULL","NULL","NULL","NULL","NULL","NULL","207","38","22","0","0","NULL","NULL","NULL","NULL","NULL","NULL","NULL","NULL","NULL","NULL","19723","NULL","8760","8760","NULL","8219","4201"
"5","Arkansas Beauty School-Little Rock","Little Rock","AR","72209","National Accrediting Commission of Career Arts and Sciences","arkbeautyschool.com","arkbeautyschool.com","NULL",0,"NULL","0.0676","0.9054","0","0","0","0","0","0","0.027","NULL","NULL","NULL","NULL","NULL","NULL","NULL","NULL","NULL","NULL","NULL","NULL","0.0676","NULL",1,"NULL","13933","NULL","NULL","NULL","NULL","NULL","NULL","NULL","13933","NULL","NULL","NULL","NULL","NULL","NULL","NULL","NULL","NULL","NULL","NULL","NULL","NULL","NULL","NULL","13933","NULL","NULL","NULL","NULL","NULL","NULL","NULL","NULL","NULL","NULL","NULL","3","NULL","NULL","NULL","NULL","NULL","NULL","NULL","3","0","0","0","0","NULL","NULL","NULL","NULL","NULL","NULL","NULL","NULL","NULL","NULL","NULL","17753","NULL","NULL","16125","4894","1669"
"6","Arkansas Beauty College","Russellville","AR","72801","Accrediting Commission of Career Schools and Colleges","www.arkansasbeautycollegersvlar.com/","arkansasbeautycollegersvlar.com","NULL",0,"NULL","0.913","0","0.087","0","0","0","0","0","0","NULL","NULL","NULL","NULL","NULL","NULL","NULL","NULL","NULL","NULL","NULL","NULL","0.0435","NULL",1,"NULL","8973","NULL","NULL","NULL","NULL","NULL","NULL","NULL","8428","9445","12931","NULL","NULL","NULL","NULL","NULL","NULL","NULL","NULL","NULL","NULL","NULL","NULL","NULL","8613","NULL","NULL","NULL","10607","NULL","NULL","NULL","NULL","NULL","NULL","NULL","12","NULL","NULL","NULL","NULL","NULL","NULL","NULL","9","2","1","0","0","NULL","NULL","NULL","NULL","NULL","NULL","NULL","NULL","NULL","NULL","NULL","12931","NULL","NULL","14400","15960","6047"
"7","Lyon College","Batesville","AR","72501","North Central Association of Colleges and Schools The Higher Learning Commission","www.lyon.edu","https://my.lyon.edu/ics/default.aspx","NULL",0,"NULL","0.7481","0.0607","0.0667","0.0178","0.0193","0","0","0.0237","0.0637","NULL","NULL","NULL","NULL","NULL","NULL","NULL","NULL","NULL","NULL","NULL","NULL","0.003","NULL",1,"NULL","17003","NULL","NULL","NULL","NULL","NULL","NULL","NULL","13631","14275","18551","19303","19649","NULL","NULL","NULL","NULL","NULL","NULL","NULL","NULL","NULL","NULL","NULL","13861","NULL","NULL","NULL","16906","NULL","19499","NULL","NULL","NULL","NULL","NULL","208","NULL","NULL","NULL","NULL","NULL","NULL","NULL","54","30","48","33","43","NULL","NULL","NULL","NULL","NULL","NULL","NULL","NULL","NULL","NULL","34566","NULL","25280","25280","NULL","8706","8492"
"8","Arkansas College of Barbering and Hair Design","North Little Rock","AR","72114","Accrediting Commission of Career Schools and Colleges","www.arkansascollegeofbarbering.com","www.arkansascollegeofbarbering.com","NULL",0,"NULL","0.0511","0.9432","0","0","0","0","0","0","0.0057","NULL","NULL","NULL","NULL","NULL","NULL","NULL","NULL","NULL","NULL","NULL","NULL","0.0682","NULL",1,"NULL","17782","NULL","NULL","NULL","NULL","NULL","NULL","NULL","16923","22080","NULL","NULL","NULL","NULL","NULL","NULL","NULL","NULL","NULL","NULL","NULL","NULL","NULL","NULL","17782","NULL","NULL","NULL","22080","NULL","NULL","NULL","NULL","NULL","NULL","NULL","6","NULL","NULL","NULL","NULL","NULL","NULL","NULL","5","1","0","0","0","NULL","NULL","NULL","NULL","NULL","NULL","NULL","NULL","NULL","NULL","NULL","22080","NULL","NULL","16750","8000","1239"
"9","Arthur's Beauty College Inc-Fort Smith","Fort Smith","AR","72901-3342","NULL","www.arthursbeautycollege.com","www.arthursbeautycollege.com/fort-smith.html","NULL",0,"NULL","0.8276","0.069","0.0345","0.0345","0.0345","0","0","0","0","NULL","NULL","NULL","NULL","NULL","NULL","NULL","NULL","NULL","NULL","NULL","NULL","0","NULL",0,"NULL","11801","NULL","NULL","NULL","NULL","NULL","NULL","NULL","11801","NULL","NULL","NULL","NULL","NULL","NULL","NULL","NULL","NULL","NULL","NULL","NULL","NULL","NULL","NULL","11801","NULL","NULL","NULL","NULL","NULL","NULL","NULL","NULL","NULL","NULL","NULL","17","NULL","NULL","NULL","NULL","NULL","NULL","NULL","17","0","0","0","0","NULL","NULL","NULL","NULL","NULL","NULL","NULL","NULL","NULL","NULL","NULL","15442","NULL","NULL","13045","20987","11011"
"10","University of Arkansas","Fayetteville","AR","72701","North Central Association of Colleges and Schools The Higher Learning Commission","www.uark.edu","https://finaid.uark.edu/aid-calculator.php","NULL",0,"NULL","0.7722","0.0479","0.076","0.0248","0.0112","0.0008","0.0329","0.0301","0.0042","NULL","NULL","NULL","NULL","NULL","NULL","NULL","NULL","NULL","NULL","NULL","NULL","0.1095","NULL",1,"14546","NULL","NULL","NULL","11335","12017","14631","17533","17830","NULL","NULL","NULL","NULL","NULL","NULL","NULL","NULL","NULL","NULL","NULL","NULL","NULL","NULL","NULL","11596","NULL","NULL","NULL","13425","NULL","17719","NULL","NULL","NULL","NULL","NULL","1324","NULL","NULL","NULL","346","214","250","191","323","NULL","NULL","NULL","NULL","NULL","NULL","NULL","NULL","NULL","NULL","NULL","NULL","NULL","NULL","NULL","21288","NULL","8522","21826","NULL","7866","9362"
"11","University of Arkansas at Pine Bluff","Pine Bluff","AR","71601","North Central Association of Colleges and Schools The Higher Learning Commission","www.uapb.edu","www.uapb.edu/admissions/net_price_calculator.aspx","NULL",0,"NULL","0.0439","0.9248","0.0131","0.0036","0.002","0","0.0008","0.0103","0.0016","NULL","NULL","NULL","NULL","NULL","NULL","NULL","NULL","NULL","NULL","NULL","NULL","0.0851","NULL",1,"7959","NULL","NULL","NULL","7380","8035","8806","12459","11061","NULL","NULL","NULL","NULL","NULL","NULL","NULL","NULL","NULL","NULL","NULL","NULL","NULL","NULL","NULL","7567","NULL","NULL","NULL","8210","NULL","12022","NULL","NULL","NULL","NULL","NULL","236","NULL","NULL","NULL","145","58","17","11","5","NULL","NULL","NULL","NULL","NULL","NULL","NULL","NULL","NULL","NULL","NULL","NULL","NULL","NULL","NULL","15994","NULL","6538","12268","NULL","1670","7727"
"12","Arkansas State University-Beebe","Beebe","AR","72012-1000","North Central Association of Colleges and Schools The Higher Learning Commission","www.asub.edu","www.asub.edu/assets/npcalc/npcalc.htm","NULL",0,"NULL","0.8204","0.0616","0.0571","0.0069","0.0045","0.0021","0.044","0.0024","0.001","NULL","NULL","NULL","NULL","NULL","NULL","NULL","NULL","NULL","NULL","NULL","NULL","0.2966","NULL",1,"6972","NULL","NULL","NULL","5878","6624","8848","10725","11335","NULL","NULL","NULL","NULL","NULL","NULL","NULL","NULL","NULL","NULL","NULL","NULL","NULL","NULL","NULL","6067","NULL","NULL","NULL","7622","NULL","10857","NULL","NULL","NULL","NULL","NULL","371","NULL","NULL","NULL","207","70","57","29","8","NULL","NULL","NULL","NULL","NULL","NULL","NULL","NULL","NULL","NULL","NULL","NULL","NULL","NULL","NULL","12460","NULL","3480","5370","NULL","1910","4431"
"13","Arkansas State University-Main Campus","Jonesboro","AR","72401","North Central Association of Colleges and Schools The Higher Learning Commission","www.astate.edu/edu","www.astate.edu/a/finaid/tuition-fees/net-price-calculator/index.dot","NULL",0,"NULL","0.7431","0.1375","0.0249","0.0073","0.0037","0.0007","0.0199","0.0559","0.0071","NULL","NULL","NULL","NULL","NULL","NULL","NULL","NULL","NULL","NULL","NULL","NULL","0.1894","NULL",1,"12152","NULL","NULL","NULL","10521","10895","12833","14686","14533","NULL","NULL","NULL","NULL","NULL","NULL","NULL","NULL","NULL","NULL","NULL","NULL","NULL","NULL","NULL","10649","NULL","NULL","NULL","11879","NULL","14613","NULL","NULL","NULL","NULL","NULL","1050","NULL","NULL","NULL","371","192","198","151","138","NULL","NULL","NULL","NULL","NULL","NULL","NULL","NULL","NULL","NULL","NULL","NULL","NULL","NULL","NULL","20349","NULL","8050","14050","NULL","3793","5258"
"14","Arkansas Tech University","Russellville","AR","72801-2222","North Central Association of Colleges and Schools The Higher Learning Commission","www.atu.edu","www.atu.edu/finaid/npcalc.htm","NULL",0,"NULL","0.7571","0.0981","0.0581","0.0117","0.0084","0.0006","0.0272","0.0389","0","NULL","NULL","NULL","NULL","NULL","NULL","NULL","NULL","NULL","NULL","NULL","NULL","0.1998","NULL",1,"10303","NULL","NULL","NULL","9061","9631","11617","12670","12927","NULL","NULL","NULL","NULL","NULL","NULL","NULL","NULL","NULL","NULL","NULL","NULL","NULL","NULL","NULL","9237","NULL","NULL","NULL","10575","NULL","12760","NULL","NULL","NULL","NULL","NULL","1356","NULL","NULL","NULL","600","267","242","160","87","NULL","NULL","NULL","NULL","NULL","NULL","NULL","NULL","NULL","NULL","NULL","NULL","NULL","NULL","NULL","17260","NULL","6192","11352","NULL","3777","4830"
"15","University of Arkansas at Monticello","Monticello","AR","71656","North Central Association of Colleges and Schools The Higher Learning Commission","www.uamont.edu/","uam-web2.uamont.edu/netprice/npcalc.htm","NULL",0,"NULL","0.6269","0.2907","0.0384","0.0059","0.0016","0.0012","0.0302","0.0051","0","NULL","NULL","NULL","NULL","NULL","NULL","NULL","NULL","NULL","NULL","NULL","NULL","0.1828","NULL",1,"10730","NULL","NULL","NULL","10202","9818","12350","13598","13127","NULL","NULL","NULL","NULL","NULL","NULL","NULL","NULL","NULL","NULL","NULL","NULL","NULL","NULL","NULL","10137","NULL","NULL","NULL","10995","NULL","13488","NULL","NULL","NULL","NULL","NULL","463","NULL","NULL","NULL","302","61","53","36","11","NULL","NULL","NULL","NULL","NULL","NULL","NULL","NULL","NULL","NULL","NULL","NULL","NULL","NULL","NULL","16691","NULL","6446","12296","NULL","3263","7231"
"16","Arthur's Beauty College Inc-Jacksonville","Jacksonville","AR","72076","National Accrediting Commission of Career Arts and Sciences","arthursbeautycollege.com","www.arthursbeautycollege.com/jacksonville.html","NULL",0,"NULL","0.7593","0.1296","0.0556","0","0","0","0.037","0","0.0185","NULL","NULL","NULL","NULL","NULL","NULL","NULL","NULL","NULL","NULL","NULL","NULL","0","NULL",1,"NULL","11710","NULL","NULL","NULL","NULL","NULL","NULL","NULL","11710","NULL","NULL","NULL","NULL","NULL","NULL","NULL","NULL","NULL","NULL","NULL","NULL","NULL","NULL","NULL","11710","NULL","NULL","NULL","NULL","NULL","NULL","NULL","NULL","NULL","NULL","NULL","20","NULL","NULL","NULL","NULL","NULL","NULL","NULL","20","0","0","0","0","NULL","NULL","NULL","NULL","NULL","NULL","NULL","NULL","NULL","NULL","NULL","14727","NULL","NULL","13045","8195","4131"
"17","Baptist Health College-Little Rock","Little Rock","AR","72210-2820","Accrediting Bureau of Health Education Schools","https://www.bhclr.edu","https://www.bhclr.edu/student-services/accounts/netprice/npcalc.htm","NULL",0,"NULL","0.7285","0.1976","0.0226","0.0136","0.0075","0.0015","0.0271","0","0.0015","NULL","NULL","NULL","NULL","NULL","NULL","NULL","NULL","NULL","NULL","NULL","NULL","0.1388","NULL",1,"NULL","21345","NULL","NULL","NULL","NULL","NULL","NULL","NULL","19180","21504","21691","23900","24556","NULL","NULL","NULL","NULL","NULL","NULL","NULL","NULL","NULL","NULL","NULL","19955","NULL","NULL","NULL","21566","NULL","24009","NULL","NULL","NULL","NULL","NULL","20","NULL","NULL","NULL","NULL","NULL","NULL","NULL","8","4","2","5","1","NULL","NULL","NULL","NULL","NULL","NULL","NULL","NULL","NULL","NULL","24556","NULL","8802","8802","NULL","4791","5420"
"18","Black River Technical College","Pocahontas","AR","72455","North Central Association of Colleges and Schools The Higher Learning Commission","www.blackrivertech.edu","www.blackrivertech.org/financial-aid/net-price-calculator","NULL",0,"NULL","0.9519","0.0287","0.0093","0.0031","0.0039","0","0.0031","0","0","NULL","NULL","NULL","NULL","NULL","NULL","NULL","NULL","NULL","NULL","NULL","NULL","0.2925","NULL",1,"6471","NULL","NULL","NULL","5495","5737","9634","10313","10005","NULL","NULL","NULL","NULL","NULL","NULL","NULL","NULL","NULL","NULL","NULL","NULL","NULL","NULL","NULL","5544","NULL","NULL","NULL","7603","NULL","10294","NULL","NULL","NULL","NULL","NULL","232","NULL","NULL","NULL","145","37","34","15","1","NULL","NULL","NULL","NULL","NULL","NULL","NULL","NULL","NULL","NULL","NULL","NULL","NULL","NULL","NULL","12005","NULL","2832","5304","NULL","1746","5526"
"19","University of Central Arkansas","Conway","AR","72035-0001","North Central Association of Colleges and Schools The Higher Learning Commission","www.uca.edu","uca.edu/financialaid/financial-aid-net-price-calculator/","NULL",0,"NULL","0.6574","0.1843","0.0474","0.0173","0.0051","0.0011","0.0353","0.0435","0.0086","NULL","NULL","NULL","NULL","NULL","NULL","NULL","NULL","NULL","NULL","NULL","NULL","0.1183","NULL",1,"13063","NULL","NULL","NULL","11248","11913","14392","15584","15759","NULL","NULL","NULL","NULL","NULL","NULL","NULL","NULL","NULL","NULL","NULL","NULL","NULL","NULL","NULL","11526","NULL","NULL","NULL","12930","NULL","15668","NULL","NULL","NULL","NULL","NULL","1433","NULL","NULL","NULL","481","346","241","190","175","NULL","NULL","NULL","NULL","NULL","NULL","NULL","NULL","NULL","NULL","NULL","NULL","NULL","NULL","NULL","19686","NULL","7889","13806","NULL","5021","7042"
"20","Central Baptist College","Conway","AR","72034","North Central Association of Colleges and Schools The Higher Learning Commission","www.cbc.edu","www.cbc.edu/financial_aid/net_price_calculator.aspx","NULL",0,"NULL","0.6667","0.2368","0.0296","0.0013","0.0167","0.0013","0.0077","0.0399","0","NULL","NULL","NULL","NULL","NULL","NULL","NULL","NULL","NULL","NULL","NULL","NULL","0.1892","NULL",1,"NULL","15829","NULL","NULL","NULL","NULL","NULL","NULL","NULL","14040","14114","15749","17357","17074","NULL","NULL","NULL","NULL","NULL","NULL","NULL","NULL","NULL","NULL","NULL","14061","NULL","NULL","NULL","15238","NULL","17244","NULL","NULL","NULL","NULL","NULL","102","NULL","NULL","NULL","NULL","NULL","NULL","NULL","25","10","22","27","18","NULL","NULL","NULL","NULL","NULL","NULL","NULL","NULL","NULL","NULL","23292","NULL","14400","14400","NULL","8991","4059"
"21","Cossatot Community College of the University of Arkansas","De Queen","AR","71832","North Central Association of Colleges and Schools The Higher Learning Commission","www.cccua.edu/","www.cccua.edu/pay-for-college/net-price-calculator","NULL",0,"NULL","0.6034","0.0934","0.2296","0.005","0.0199","0.001","0.0477","0","0","NULL","NULL","NULL","NULL","NULL","NULL","NULL","NULL","NULL","NULL","NULL","NULL","0.5288","NULL",1,"5092","NULL","NULL","NULL","4599","5299","6542","NULL","NULL","NULL","NULL","NULL","NULL","NULL","NULL","NULL","NULL","NULL","NULL","NULL","NULL","NULL","NULL","NULL","4802","NULL","NULL","NULL","5805","NULL","NULL","NULL","NULL","NULL","NULL","NULL","132","NULL","NULL","NULL","78","32","22","0","0","NULL","NULL","NULL","NULL","NULL","NULL","NULL","NULL","NULL","NULL","NULL","NULL","NULL","NULL","NULL","11415","NULL","2670","5820","NULL","1464","6109"
"22","Crowley's Ridge College","Paragould","AR","72450","North Central Association of Colleges and Schools The Higher Learning Commission","www.crc.edu/","www.crc.edu/","NULL",0,"NULL","0.9006","0.0829","0.011","0","0","0.0055","0","0","0","NULL","NULL","NULL","NULL","NULL","NULL","NULL","NULL","NULL","NULL","NULL","NULL","0.0497","NULL",1,"NULL","12803","NULL","NULL","NULL","NULL","NULL","NULL","NULL","11795","11736","13278","13251","16806","NULL","NULL","NULL","NULL","NULL","NULL","NULL","NULL","NULL","NULL","NULL","11781","NULL","NULL","NULL","12700","NULL","14087","NULL","NULL","NULL","NULL","NULL","53","NULL","NULL","NULL","NULL","NULL","NULL","NULL","20","6","10","13","4","NULL","NULL","NULL","NULL","NULL","NULL","NULL","NULL","NULL","NULL","19935","NULL","11900","11900","NULL","8404","3262"
"23","Crowley's Ridge Technical Institute","Forrest City","AR","72335-0925","Council on Occupational Education","www.crti.tec.ar.us","www.crti.tec.ar.us","NULL",0,"NULL","0.3902","0.5951","0.0098","0","0","0","0.0049","0","0","NULL","NULL","NULL","NULL","NULL","NULL","NULL","NULL","NULL","NULL","NULL","NULL","0.0683","NULL",1,"3206","NULL","NULL","NULL","3048","3588","6806","NULL","NULL","NULL","NULL","NULL","NULL","NULL","NULL","NULL","NULL","NULL","NULL","NULL","NULL","NULL","NULL","NULL","3077","NULL","NULL","NULL","4875","NULL","NULL","NULL","NULL","NULL","NULL","NULL","58","NULL","NULL","NULL","53","3","2","0","0","NULL","NULL","NULL","NULL","NULL","NULL","NULL","NULL","NULL","NULL","NULL","NULL","NULL","NULL","NULL","8881","NULL","1350","1350","NULL","465","10412"
"24","East Arkansas Community College","Forrest City","AR","72335-2204","North Central Association of Colleges and Schools The Higher Learning Commission","https://WWW.EACC.EDU","https://www.eacc.edu/pages?id=100","NULL",0,"NULL","0.5492","0.3897","0.0277","0.0166","0.0028","0","0.0125","0.0014","0","NULL","NULL","NULL","NULL","NULL","NULL","NULL","NULL","NULL","NULL","NULL","NULL","0.3315","NULL",1,"2695","NULL","NULL","NULL","2733","-355","NULL","NULL","NULL","NULL","NULL","NULL","NULL","NULL","NULL","NULL","NULL","NULL","NULL","NULL","NULL","NULL","NULL","NULL","2695","NULL","NULL","NULL","-355","NULL","NULL","NULL","NULL","NULL","NULL","NULL","159","NULL","NULL","NULL","157","2","0","0","0","NULL","NULL","NULL","NULL","NULL","NULL","NULL","NULL","NULL","NULL","NULL","NULL","NULL","NULL","NULL","9284","NULL","2790","3600","NULL","1538","4727"
"25","Eastern College of Health Vocations-Little Rock","Little Rock","AR","72205","Accrediting Bureau of Health Education Schools","www.easterncollege.edu","www.easterncollege.edu","NULL",0,"NULL","0.302","0.6779","0.0201","0","0","0","0","0","0","NULL","NULL","NULL","NULL","NULL","NULL","NULL","NULL","NULL","NULL","NULL","NULL","0","NULL",1,"NULL","12077","NULL","NULL","NULL","NULL","NULL","NULL","NULL","12077","NULL","NULL","NULL","NULL","NULL","NULL","NULL","NULL","NULL","NULL","NULL","NULL","NULL","NULL","NULL","12077","NULL","NULL","NULL","NULL","NULL","NULL","NULL","NULL","NULL","NULL","NULL","227","NULL","NULL","NULL","NULL","NULL","NULL","NULL","227","0","0","0","0","NULL","NULL","NULL","NULL","NULL","NULL","NULL","NULL","NULL","NULL","NULL","14984","NULL","NULL","10700","6796","2298"
"26","Imagine-Paul Mitchell Partner School","North Little Rock","AR","72117","National Accrediting Commission of Career Arts and Sciences","paulmitchell.edu/littlerock","paulmitchell.edu/littlerock/programs/cosmetology","NULL",0,"NULL","0.6254","0.2286","0.0508","0.0063","0.0127","0","0.0095","0.0032","0.0635","NULL","NULL","NULL","NULL","NULL","NULL","NULL","NULL","NULL","NULL","NULL","NULL","0.0667","NULL",1,"NULL","17523","NULL","NULL","NULL","NULL","NULL","NULL","NULL","16467","17628","18798","20827","20827","NULL","NULL","NULL","NULL","NULL","NULL","NULL","NULL","NULL","NULL","NULL","16677","NULL","NULL","NULL","18123","NULL","20827","NULL","NULL","NULL","NULL","NULL","111","NULL","NULL","NULL","NULL","NULL","NULL","NULL","68","15","11","9","8","NULL","NULL","NULL","NULL","NULL","NULL","NULL","NULL","NULL","NULL","NULL","20827","NULL","NULL","15500","6150","4181"
"27","National Park College","Hot Springs","AR","71913","North Central Association of Colleges and Schools The Higher Learning Commission","www.np.edu","dev.np.edu/financialaid/npcalc/npcalc.htm","NULL",0,"NULL","0.7797","0.1179","0.0694","0.0136","0.0141","0","0","0","0.0053","NULL","NULL","NULL","NULL","NULL","NULL","NULL","NULL","NULL","NULL","NULL","NULL","0.361","NULL",1,"7852","NULL","NULL","NULL","7665","7069","8772","10108","11755","NULL","NULL","NULL","NULL","NULL","NULL","NULL","NULL","NULL","NULL","NULL","NULL","NULL","NULL","NULL","7556","NULL","NULL","NULL","7597","NULL","10690","NULL","NULL","NULL","NULL","NULL","254","NULL","NULL","NULL","179","40","18","11","6","NULL","NULL","NULL","NULL","NULL","NULL","NULL","NULL","NULL","NULL","NULL","NULL","NULL","NULL","NULL","13067","NULL","3200","4580","NULL","1591","6368"
"28","University of Arkansas Community College-Batesville","Batesville","AR","72503-3350","North Central Association of Colleges and Schools The Higher Learning Commission","www.uaccb.edu","www.uaccb.edu/sites/default/files/content/net-price-calculator/net-price-calculator.html","NULL",0,"NULL","0.8425","0.0351","0.0626","0.0038","0.0047","0.0009","0.0503","0","0","NULL","NULL","NULL","NULL","NULL","NULL","NULL","NULL","NULL","NULL","NULL","NULL","0.2666","NULL",1,"1910","NULL","NULL","NULL","1298","2075","3523","4241","NULL","NULL","NULL","NULL","NULL","NULL","NULL","NULL","NULL","NULL","NULL","NULL","NULL","NULL","NULL","NULL","1539","NULL","NULL","NULL","2586","NULL","4241","NULL","NULL","NULL","NULL","NULL","86","NULL","NULL","NULL","49","22","12","3","0","NULL","NULL","NULL","NULL","NULL","NULL","NULL","NULL","NULL","NULL","NULL","NULL","NULL","NULL","NULL","7914","NULL","2262","3942","NULL","1344","6770"
"29","Harding University","Searcy","AR","72149-5615","North Central Association of Colleges and Schools The Higher Learning Commission","www.harding.edu","www.harding.edu/admissions/npc.html","NULL",0,"NULL","0.8301","0.0438","0.0353","0.0067","0.0076","0","0.018","0.0582","0.0002","NULL","NULL","NULL","NULL","NULL","NULL","NULL","NULL","NULL","NULL","NULL","NULL","0.0773","NULL",1,"NULL","17276","NULL","NULL","NULL","NULL","NULL","NULL","NULL","11825","13477","16574","18992","20689","NULL","NULL","NULL","NULL","NULL","NULL","NULL","NULL","NULL","NULL","NULL","12678","NULL","NULL","NULL","15251","NULL","19930","NULL","NULL","NULL","NULL","NULL","678","NULL","NULL","NULL","NULL","NULL","NULL","NULL","91","97","130","161","199","NULL","NULL","NULL","NULL","NULL","NULL","NULL","NULL","NULL","NULL","27205","NULL","17805","17805","NULL","13101","9673"
"30","Henderson State University","Arkadelphia","AR","71999-0001","North Central Association of Colleges and Schools The Higher Learning Commission","www.hsu.edu","www.hsu.edu/net-price-calculator/","NULL",0,"NULL","0.6586","0.2384","0.0397","0.0084","0.0045","0","0.0368","0.0116","0.0019","NULL","NULL","NULL","NULL","NULL","NULL","NULL","NULL","NULL","NULL","NULL","NULL","0.1127","NULL",1,"9937","NULL","NULL","NULL","9488","10188","11249","12837","NULL","NULL","NULL","NULL","NULL","NULL","NULL","NULL","NULL","NULL","NULL","NULL","NULL","NULL","NULL","NULL","9660","NULL","NULL","NULL","10640","NULL","12837","NULL","NULL","NULL","NULL","NULL","453","NULL","NULL","NULL","286","93","69","5","0","NULL","NULL","NULL","NULL","NULL","NULL","NULL","NULL","NULL","NULL","NULL","NULL","NULL","NULL","NULL","19037","NULL","8100","14700","NULL","3282","7040"
"31","Hendrix College","Conway","AR","72032-3080","North Central Association of Colleges and Schools The Higher Learning Commission","www.hendrix.edu","www.hendrix.edu/Admission/PriceCalculator/","NULL",0,"NULL","0.7782","0.0499","0.0491","0.046","0.0054","0.0008","0.0276","0.0345","0.0084","NULL","NULL","NULL","NULL","NULL","NULL","NULL","NULL","NULL","NULL","NULL","NULL","0.0031","NULL",1,"NULL","25503","NULL","NULL","NULL","NULL","NULL","NULL","NULL","21841","22694","25252","25066","28033","NULL","NULL","NULL","NULL","NULL","NULL","NULL","NULL","NULL","NULL","NULL","22149","NULL","NULL","NULL","24399","NULL","26866","NULL","NULL","NULL","NULL","NULL","203","NULL","NULL","NULL","NULL","NULL","NULL","NULL","30","17","34","48","74","NULL","NULL","NULL","NULL","NULL","NULL","NULL","NULL","NULL","NULL","54087","NULL","40870","40870","NULL","12241","12401"
"32","Hot Springs Beauty College","Hot Springs","AR","71901","National Accrediting Commission of Career Arts and Sciences","hotspringsbeautycollege.com","hotspringsbeautycollege.com","NULL",0,"NULL","0.7895","0.1316","0.0789","0","0","0","0","0","0","NULL","NULL","NULL","NULL","NULL","NULL","NULL","NULL","NULL","NULL","NULL","NULL","0","NULL",1,"NULL","8110","NULL","NULL","NULL","NULL","NULL","NULL","NULL","7732","11132","NULL","NULL","NULL","NULL","NULL","NULL","NULL","NULL","NULL","NULL","NULL","NULL","NULL","NULL","8110","NULL","NULL","NULL","11132","NULL","NULL","NULL","NULL","NULL","NULL","NULL","9","NULL","NULL","NULL","NULL","NULL","NULL","NULL","8","1","0","0","0","NULL","NULL","NULL","NULL","NULL","NULL","NULL","NULL","NULL","NULL","NULL","13232","NULL","NULL","13100","7784","3893"
"33","Jefferson Regional Medical Center School of Nursing","Pine Bluff","AR","71603","Accrediting Bureau of Health Education Schools","www.jrmc.org","www.jrmc.org/schoolofnursing/Calculator/npcalc.htm","NULL",0,"NULL","0.8806","0.1194","0","0","0","0","0","0","0","NULL","NULL","NULL","NULL","NULL","NULL","NULL","NULL","NULL","NULL","NULL","NULL","0","NULL",1,"NULL","NULL","NULL","NULL","NULL","NULL","NULL","NULL","NULL","NULL","NULL","NULL","NULL","NULL","NULL","NULL","NULL","NULL","NULL","NULL","NULL","NULL","NULL","NULL","NULL","NULL","NULL","NULL","NULL","NULL","NULL","NULL","NULL","NULL","NULL","NULL","NULL","NULL","NULL","NULL","NULL","NULL","NULL","NULL","NULL","NULL","NULL","NULL","NULL","NULL","NULL","NULL","NULL","NULL","NULL","NULL","NULL","NULL","NULL","NULL","NULL","NULL","NULL","NULL","NULL","3588","4257"
"34","John Brown University","Siloam Springs","AR","72761","North Central Association of Colleges and Schools The Higher Learning Commission","www.jbu.edu","info.eaglenet.jbu.edu/npc","NULL",0,"NULL","0.7441","0.0243","0.0594","0.016","0.0214","0.0006","0.0303","0.057","0.0469","NULL","NULL","NULL","NULL","NULL","NULL","NULL","NULL","NULL","NULL","NULL","NULL","0.092","NULL",1,"NULL","19234","NULL","NULL","NULL","NULL","NULL","NULL","NULL","15310","15745","19059","20785","23076","NULL","NULL","NULL","NULL","NULL","NULL","NULL","NULL","NULL","NULL","NULL","15448","NULL","NULL","NULL","17863","NULL","22026","NULL","NULL","NULL","NULL","NULL","204","NULL","NULL","NULL","NULL","NULL","NULL","NULL","47","22","39","44","52","NULL","NULL","NULL","NULL","NULL","NULL","NULL","NULL","NULL","NULL","35706","NULL","24468","24468","NULL","10708","7538"
"35","Lees School of Cosmetology","North  Little Rock","AR","72114-3800","NULL","www.leesschool.com","www.leesschool.com","NULL",0,"NULL","0.3182","0.6364","0","0","0","0","0","0","0.0455","NULL","NULL","NULL","NULL","NULL","NULL","NULL","NULL","NULL","NULL","NULL","NULL","0","NULL",0,"NULL","13167","NULL","NULL","NULL","NULL","NULL","NULL","NULL","13167","NULL","NULL","NULL","NULL","NULL","NULL","NULL","NULL","NULL","NULL","NULL","NULL","NULL","NULL","NULL","13167","NULL","NULL","NULL","NULL","NULL","NULL","NULL","NULL","NULL","NULL","NULL","27","NULL","NULL","NULL","NULL","NULL","NULL","NULL","27","0","0","0","0","NULL","NULL","NULL","NULL","NULL","NULL","NULL","NULL","NULL","NULL","NULL","16546","NULL","NULL","13870","6342","6100"
"36","Career Academy of Hair Design","Springdale","AR","72764-7128","National Accrediting Commission of Career Arts and Sciences","www.beautynwa.com","www.beautynwa.com/npcalc/","NULL",0,"NULL","0.8226","0.0645","0.1129","0","0","0","0","0","0","NULL","NULL","NULL","NULL","NULL","NULL","NULL","NULL","NULL","NULL","NULL","NULL","0.4758","NULL",1,"NULL","12332","NULL","NULL","NULL","NULL","NULL","NULL","NULL","11886","13127","13426","14364","NULL","NULL","NULL","NULL","NULL","NULL","NULL","NULL","NULL","NULL","NULL","NULL","12130","NULL","NULL","NULL","13226","NULL","14364","NULL","NULL","NULL","NULL","NULL","174","NULL","NULL","NULL","NULL","NULL","NULL","NULL","122","30","15","7","0","NULL","NULL","NULL","NULL","NULL","NULL","NULL","NULL","NULL","NULL","NULL","15612","NULL","NULL","13695","10446","3580"
"37","Academy of Salon and Spa","Fort Smith","AR","72901","National Accrediting Commission of Career Arts and Sciences","www.academysalonspa.com","www.academysalonspa.com","NULL",0,"NULL","0.7042","0.0845","0","0","0.2113","0","0","0","0","NULL","NULL","NULL","NULL","NULL","NULL","NULL","NULL","NULL","NULL","NULL","NULL","0","NULL",1,"NULL","12117","NULL","NULL","NULL","NULL","NULL","NULL","NULL","11872","11998","14048","NULL","16528","NULL","NULL","NULL","NULL","NULL","NULL","NULL","NULL","NULL","NULL","NULL","11890","NULL","NULL","NULL","12408","NULL","16528","NULL","NULL","NULL","NULL","NULL","30","NULL","NULL","NULL","NULL","NULL","NULL","NULL","24","4","1","0","1","NULL","NULL","NULL","NULL","NULL","NULL","NULL","NULL","NULL","NULL","NULL","16528","NULL","NULL","15000","6161","5704"
"38","Arkansas State University Mid-South","West Memphis","AR","72301-3829","North Central Association of Colleges and Schools The Higher Learning Commission","www.asumidsouth.edu","www.asumidsouth.edu/NetPriceCalculator16/npcalc.htm","NULL",0,"NULL","0.3374","0.5654","0.0051","0.0174","0.0051","0.001","0.0634","0.0051","0","NULL","NULL","NULL","NULL","NULL","NULL","NULL","NULL","NULL","NULL","NULL","NULL","0.4622","NULL",1,"9015","NULL","NULL","NULL","8963","9371","8851","10101","NULL","NULL","NULL","NULL","NULL","NULL","NULL","NULL","NULL","NULL","NULL","NULL","NULL","NULL","NULL","NULL","9006","NULL","NULL","NULL","9241","NULL","10101","NULL","NULL","NULL","NULL","NULL","149","NULL","NULL","NULL","127","15","5","2","0","NULL","NULL","NULL","NULL","NULL","NULL","NULL","NULL","NULL","NULL","NULL","NULL","NULL","NULL","NULL","12056","NULL","2554","4388","NULL","2608","7411"
"39","Arkansas Northeastern College","Blytheville","AR","72316-1109","North Central Association of Colleges and Schools The Higher Learning Commission","www.anc.edu","www.anc.edu","NULL",0,"NULL","0.6134","0.3284","0.0385","0.0059","0.001","0","0.0118","0.001","0","NULL","NULL","NULL","NULL","NULL","NULL","NULL","NULL","NULL","NULL","NULL","NULL","0.4615","NULL",1,"4087","NULL","NULL","NULL","3800","4701","5799","NULL","NULL","NULL","NULL","NULL","NULL","NULL","NULL","NULL","NULL","NULL","NULL","NULL","NULL","NULL","NULL","NULL","3893","NULL","NULL","NULL","5276","NULL","NULL","NULL","NULL","NULL","NULL","NULL","108","NULL","NULL","NULL","87","10","11","0","0","NULL","NULL","NULL","NULL","NULL","NULL","NULL","NULL","NULL","NULL","NULL","NULL","NULL","NULL","NULL","9990","NULL","2150","3830","NULL","1128","9612"
"40","Margaret's Hair Academy Inc","Monticello","AR","71655","NULL","margarethairacademy.com","margarethairacademy.com","NULL",0,"NULL","0.7105","0.2632","0","0","0","0","0","0","0.0263","NULL","NULL","NULL","NULL","NULL","NULL","NULL","NULL","NULL","NULL","NULL","NULL","0","NULL",0,"NULL","12266","NULL","NULL","NULL","NULL","NULL","NULL","NULL","12266","NULL","NULL","NULL","NULL","NULL","NULL","NULL","NULL","NULL","NULL","NULL","NULL","NULL","NULL","NULL","12266","NULL","NULL","NULL","NULL","NULL","NULL","NULL","NULL","NULL","NULL","NULL","35","NULL","NULL","NULL","NULL","NULL","NULL","NULL","35","0","0","0","0","NULL","NULL","NULL","NULL","NULL","NULL","NULL","NULL","NULL","NULL","NULL","16272","NULL","NULL","10545","6540","3977"
"41","New Tyler Barber College Inc","North Little Rock","AR","72114-4973","Accrediting Commission of Career Schools and Colleges","newtylerbarbercollege.edu","newtylerbarbercollege.edu","NULL",0,"NULL","0","1","0","0","0","0","0","0","0","NULL","NULL","NULL","NULL","NULL","NULL","NULL","NULL","NULL","NULL","NULL","NULL","0","NULL",1,"NULL","14584","NULL","NULL","NULL","NULL","NULL","NULL","NULL","14584","NULL","NULL","NULL","NULL","NULL","NULL","NULL","NULL","NULL","NULL","NULL","NULL","NULL","NULL","NULL","14584","NULL","NULL","NULL","NULL","NULL","NULL","NULL","NULL","NULL","NULL","NULL","28","NULL","NULL","NULL","NULL","NULL","NULL","NULL","28","0","0","0","0","NULL","NULL","NULL","NULL","NULL","NULL","NULL","NULL","NULL","NULL","NULL","19334","NULL","NULL","15825","3517","1785"
"42","North Arkansas College","Harrison","AR","72601-5508","North Central Association of Colleges and Schools The Higher Learning Commission","www.northark.edu","www.northark.edu/NetPrice/npcalc.htm","NULL",0,"NULL","0.8888","0.0033","0.0566","0.002","0.0067","0.0013","0.0386","0.0027","0","NULL","NULL","NULL","NULL","NULL","NULL","NULL","NULL","NULL","NULL","NULL","NULL","0.3222","NULL",1,"4194","NULL","NULL","NULL","3897","3971","5767","8075","NULL","NULL","NULL","NULL","NULL","NULL","NULL","NULL","NULL","NULL","NULL","NULL","NULL","NULL","NULL","NULL","3918","NULL","NULL","NULL","4506","NULL","8075","NULL","NULL","NULL","NULL","NULL","243","NULL","NULL","NULL","154","59","25","5","0","NULL","NULL","NULL","NULL","NULL","NULL","NULL","NULL","NULL","NULL","NULL","NULL","NULL","NULL","NULL","9872","NULL","2040","4320","NULL","1024","5990"
"43","Northwest Technical Institute","Springdale","AR","72764","Council on Occupational Education","www.nwti.edu","nwti.edu/netprice/npcalc.htm","NULL",0,"NULL","0.6828","0.0215","0.1989","0.0269","0.0269","0.0054","0","0","0.0376","NULL","NULL","NULL","NULL","NULL","NULL","NULL","NULL","NULL","NULL","NULL","NULL","0.0538","NULL",1,"9393","NULL","NULL","NULL","9497","8334","10967","NULL","NULL","NULL","NULL","NULL","NULL","NULL","NULL","NULL","NULL","NULL","NULL","NULL","NULL","NULL","NULL","NULL","9258","NULL","NULL","NULL","9108","NULL","NULL","NULL","NULL","NULL","NULL","NULL","127","NULL","NULL","NULL","93","24","10","0","0","NULL","NULL","NULL","NULL","NULL","NULL","NULL","NULL","NULL","NULL","NULL","NULL","NULL","NULL","NULL","11731","NULL","2321","2321","NULL","3151","11987"
"44","Ouachita Baptist University","Arkadelphia","AR","71998-0001","North Central Association of Colleges and Schools The Higher Learning Commission","www.obu.edu","www.obu.edu/finaid/","NULL",0,"NULL","0.8498","0.0727","0.0394","0.0075","0.0061","0.0014","0.0007","0.0224","0","NULL","NULL","NULL","NULL","NULL","NULL","NULL","NULL","NULL","NULL","NULL","NULL","0.0177","NULL",1,"NULL","19251","NULL","NULL","NULL","NULL","NULL","NULL","NULL","14948","13960","16787","21157","24244","NULL","NULL","NULL","NULL","NULL","NULL","NULL","NULL","NULL","NULL","NULL","14510","NULL","NULL","NULL","15602","NULL","22894","NULL","NULL","NULL","NULL","NULL","293","NULL","NULL","NULL","NULL","NULL","NULL","NULL","49","39","54","66","85","NULL","NULL","NULL","NULL","NULL","NULL","NULL","NULL","NULL","NULL","33675","NULL","24120","24120","NULL","10761","9640"
"45","College of the Ouachitas","Malvern","AR","72104-0816","North Central Association of Colleges and Schools The Higher Learning Commission","www.coto.edu","www.coto.edu/sites/default/static/netpricecalc/npcalc.htm","NULL",0,"NULL","0.7539","0.1571","0.0432","0.0026","0.0039","0","0.038","0.0013","0","NULL","NULL","NULL","NULL","NULL","NULL","NULL","NULL","NULL","NULL","NULL","NULL","0.3508","NULL",1,"8263","NULL","NULL","NULL","7644","8850","10082","11971","NULL","NULL","NULL","NULL","NULL","NULL","NULL","NULL","NULL","NULL","NULL","NULL","NULL","NULL","NULL","NULL","7980","NULL","NULL","NULL","9116","NULL","11971","NULL","NULL","NULL","NULL","NULL","116","NULL","NULL","NULL","75","29","8","4","0","NULL","NULL","NULL","NULL","NULL","NULL","NULL","NULL","NULL","NULL","NULL","NULL","NULL","NULL","NULL","12416","NULL","3620","6410","NULL","1998","5589"
"46","Ozarka College","Melbourne","AR","72556-0010","North Central Association of Colleges and Schools The Higher Learning Commission","www.ozarka.edu","www.ozarka.edu/finaid/npcalc.cfm","NULL",0,"NULL","0.9739","0.0048","0.0119","0.0036","0.0036","0.0024","0","0","0","NULL","NULL","NULL","NULL","NULL","NULL","NULL","NULL","NULL","NULL","NULL","NULL","0.2874","NULL",1,"5273","NULL","NULL","NULL","5243","5428","5487","5493","NULL","NULL","NULL","NULL","NULL","NULL","NULL","NULL","NULL","NULL","NULL","NULL","NULL","NULL","NULL","NULL","5263","NULL","NULL","NULL","5442","NULL","5493","NULL","NULL","NULL","NULL","NULL","154","NULL","NULL","NULL","131","16","5","2","0","NULL","NULL","NULL","NULL","NULL","NULL","NULL","NULL","NULL","NULL","NULL","NULL","NULL","NULL","NULL","11481","NULL","2776","5128","NULL","993","4331"
"47","University of the Ozarks","Clarksville","AR","72830","North Central Association of Colleges and Schools The Higher Learning Commission","https://www.ozarks.edu","https://admissions.ozarks.edu/secure/calc/default.aspx","NULL",0,"NULL","0.6563","0.0609","0.1031","0.0031","0.0094","0.0016","0.0391","0.1188","0.0078","NULL","NULL","NULL","NULL","NULL","NULL","NULL","NULL","NULL","NULL","NULL","NULL","0.0109","NULL",1,"NULL","14723","NULL","NULL","NULL","NULL","NULL","NULL","NULL","12704","12719","14145","18082","21400","NULL","NULL","NULL","NULL","NULL","NULL","NULL","NULL","NULL","NULL","NULL","12709","NULL","NULL","NULL","13321","NULL","19427","NULL","NULL","NULL","NULL","NULL","137","NULL","NULL","NULL","NULL","NULL","NULL","NULL","55","26","19","22","15","NULL","NULL","NULL","NULL","NULL","NULL","NULL","NULL","NULL","NULL","35792","NULL","24440","24440","NULL","10999","10250"
"48","University of Arkansas Community College-Morrilton","Morrilton","AR","72110","North Central Association of Colleges and Schools The Higher Learning Commission","www.uaccm.edu","www.uaccm.edu/Future_Student/Calculator/calculator.htm","NULL",0,"NULL","0.7508","0.0975","0.0614","0.0066","0.0051","0","0.0528","0.0213","0.0046","NULL","NULL","NULL","NULL","NULL","NULL","NULL","NULL","NULL","NULL","NULL","NULL","0.3208","NULL",1,"5464","NULL","NULL","NULL","4535","5212","6459","8495","9692","NULL","NULL","NULL","NULL","NULL","NULL","NULL","NULL","NULL","NULL","NULL","NULL","NULL","NULL","NULL","4711","NULL","NULL","NULL","5809","NULL","8867","NULL","NULL","NULL","NULL","NULL","267","NULL","NULL","NULL","142","50","46","20","9","NULL","NULL","NULL","NULL","NULL","NULL","NULL","NULL","NULL","NULL","NULL","NULL","NULL","NULL","NULL","10306","NULL","2852","3908","NULL","2023","4270"
"49","Philander Smith College","Little Rock","AR","72202-3799","North Central Association of Colleges and Schools The Higher Learning Commission","www.philander.edu","www.philander.edu/financial-aid/npc.aspx","NULL",0,"NULL","0.0017","0.9058","0.0103","0.0086","0.0017","0.0017","0.0171","0.0531","0","NULL","NULL","NULL","NULL","NULL","NULL","NULL","NULL","NULL","NULL","NULL","NULL","0.0599","NULL",1,"NULL","15676","NULL","NULL","NULL","NULL","NULL","NULL","NULL","15300","15597","15893","17912","21978","NULL","NULL","NULL","NULL","NULL","NULL","NULL","NULL","NULL","NULL","NULL","15360","NULL","NULL","NULL","15677","NULL","18815","NULL","NULL","NULL","NULL","NULL","110","NULL","NULL","NULL","NULL","NULL","NULL","NULL","75","19","7","7","2","NULL","NULL","NULL","NULL","NULL","NULL","NULL","NULL","NULL","NULL","26179","NULL","12564","12564","NULL","8039","7003"
"50","Phillips Community College of the University of Arkansas","Helena","AR","72342-0785","North Central Association of Colleges and Schools The Higher Learning Commission","www.pccua.edu","https://pccuaedu-public.sharepoint.com/netcalc","NULL",0,"NULL","0.4576","0.4986","0.0169","0.0056","0.0028","0.0014","0.0014","0","0.0155","NULL","NULL","NULL","NULL","NULL","NULL","NULL","NULL","NULL","NULL","NULL","NULL","0.3023","NULL",1,"4454","NULL","NULL","NULL","4288","4738","5842","NULL","NULL","NULL","NULL","NULL","NULL","NULL","NULL","NULL","NULL","NULL","NULL","NULL","NULL","NULL","NULL","NULL","4380","NULL","NULL","NULL","4966","NULL","NULL","NULL","NULL","NULL","NULL","NULL","118","NULL","NULL","NULL","89","23","6","0","0","NULL","NULL","NULL","NULL","NULL","NULL","NULL","NULL","NULL","NULL","NULL","NULL","NULL","NULL","NULL","10321","NULL","2593","4325","NULL","663","7612"
"51","Southeast Arkansas College","Pine Bluff","AR","71603","North Central Association of Colleges and Schools The Higher Learning Commission","www.seark.edu","www.seark.edu/financial-aid/net-price-calculator","NULL",0,"NULL","0.3861","0.5814","0.0177","0.0044","0.0022","0.0015","0.0066","0","0","NULL","NULL","NULL","NULL","NULL","NULL","NULL","NULL","NULL","NULL","NULL","NULL","0.5114","NULL",1,"2467","NULL","NULL","NULL","2125","2944","3744","4907","NULL","NULL","NULL","NULL","NULL","NULL","NULL","NULL","NULL","NULL","NULL","NULL","NULL","NULL","NULL","NULL","2278","NULL","NULL","NULL","3162","NULL","4907","NULL","NULL","NULL","NULL","NULL","190","NULL","NULL","NULL","139","32","12","7","0","NULL","NULL","NULL","NULL","NULL","NULL","NULL","NULL","NULL","NULL","NULL","NULL","NULL","NULL","NULL","8102","NULL","3070","5590","NULL","1864","6209"
"52","Professional Cosmetology Education Center","El Dorado","AR","71730-4009","National Accrediting Commission of Career Arts and Sciences","www.pcec.edu","www.pcec.edu/hea/npcalc.htm","NULL",0,"NULL","0.7805","0.1707","0.0244","0","0","0","0.0244","0","0","NULL","NULL","NULL","NULL","NULL","NULL","NULL","NULL","NULL","NULL","NULL","NULL","0","NULL",1,"NULL","6348","NULL","NULL","NULL","NULL","NULL","NULL","NULL","5045","8210","NULL","NULL","NULL","NULL","NULL","NULL","NULL","NULL","NULL","NULL","NULL","NULL","NULL","NULL","6348","NULL","NULL","NULL","8210","NULL","NULL","NULL","NULL","NULL","NULL","NULL","17","NULL","NULL","NULL","NULL","NULL","NULL","NULL","10","7","0","0","0","NULL","NULL","NULL","NULL","NULL","NULL","NULL","NULL","NULL","NULL","NULL","11030","NULL","NULL","14350","4906","2854"
"53","Pulaski Technical College","North Little Rock","AR","72118-3347","North Central Association of Colleges and Schools The Higher Learning Commission","www.pulaskitech.edu","www.pulaskitech.edu/administration/net_price_calculator/npcalc.htm","NULL",0,"NULL","0.4001","0.4828","0.0484","0.0115","0.0032","0.0012","0.0317","0.0028","0.0184","NULL","NULL","NULL","NULL","NULL","NULL","NULL","NULL","NULL","NULL","NULL","NULL","0.492","NULL",1,"9195","NULL","NULL","NULL","8566","9016","11401","12919","13736","NULL","NULL","NULL","NULL","NULL","NULL","NULL","NULL","NULL","NULL","NULL","NULL","NULL","NULL","NULL","8640","NULL","NULL","NULL","9918","NULL","13355","NULL","NULL","NULL","NULL","NULL","661","NULL","NULL","NULL","468","92","56","21","24","NULL","NULL","NULL","NULL","NULL","NULL","NULL","NULL","NULL","NULL","NULL","NULL","NULL","NULL","NULL","14683","NULL","4332","6072","NULL","1638","3918"
"54","University of Arkansas Community College-Hope","Hope","AR","71801","North Central Association of Colleges and Schools The Higher Learning Commission","www.uacch.edu","www.uacch.edu/netpricecal/npcalc.htm","NULL",0,"NULL","0.5062","0.4199","0.0623","0.0058","0.0038","0","0.0019","0","0","NULL","NULL","NULL","NULL","NULL","NULL","NULL","NULL","NULL","NULL","NULL","NULL","0.3682","NULL",1,"8438","NULL","NULL","NULL","8335","8586","9148","9163","NULL","NULL","NULL","NULL","NULL","NULL","NULL","NULL","NULL","NULL","NULL","NULL","NULL","NULL","NULL","NULL","8381","NULL","NULL","NULL","8738","NULL","9163","NULL","NULL","NULL","NULL","NULL","161","NULL","NULL","NULL","122","27","10","2","0","NULL","NULL","NULL","NULL","NULL","NULL","NULL","NULL","NULL","NULL","NULL","NULL","NULL","NULL","NULL","13911","NULL","2460","4770","NULL","1189","5674"
"55","Rich Mountain Community College","Mena","AR","71953","North Central Association of Colleges and Schools The Higher Learning Commission","www.rmcc.edu","www.rmcc.edu","NULL",0,"NULL","0.8563","0.002","0.0599","0.01","0.0279","0","0.0299","0.012","0.002","NULL","NULL","NULL","NULL","NULL","NULL","NULL","NULL","NULL","NULL","NULL","NULL","0.3313","NULL",1,"5146","NULL","NULL","NULL","5008","4818","7413","NULL","NULL","NULL","NULL","NULL","NULL","NULL","NULL","NULL","NULL","NULL","NULL","NULL","NULL","NULL","NULL","NULL","4970","NULL","NULL","NULL","5544","NULL","NULL","NULL","NULL","NULL","NULL","NULL","97","NULL","NULL","NULL","72","18","7","0","0","NULL","NULL","NULL","NULL","NULL","NULL","NULL","NULL","NULL","NULL","NULL","NULL","NULL","NULL","NULL","11423","NULL","2448","5400","NULL","1522","5593"
"56","Paul Mitchell the School-Arkansas","Fayetteville","AR","72703","National Accrediting Commission of Career Arts and Sciences","www.pmtsarkansas.com","https://arkansas.paulmitchell.edu/programs/Tuition-Calculator","NULL",0,"NULL","0.8241","0.0556","0.0926","0.0185","0.0093","0","0","0","0","NULL","NULL","NULL","NULL","NULL","NULL","NULL","NULL","NULL","NULL","NULL","NULL","0.2593","NULL",1,"NULL","19143","NULL","NULL","NULL","NULL","NULL","NULL","NULL","17583","19528","17708","22788","22788","NULL","NULL","NULL","NULL","NULL","NULL","NULL","NULL","NULL","NULL","NULL","18155","NULL","NULL","NULL","19225","NULL","22788","NULL","NULL","NULL","NULL","NULL","23","NULL","NULL","NULL","NULL","NULL","NULL","NULL","12","5","1","2","3","NULL","NULL","NULL","NULL","NULL","NULL","NULL","NULL","NULL","NULL","NULL","22788","NULL","NULL","13500","9754","4001"
"57","Searcy Beauty College","Searcy","AR","72143","National Accrediting Commission of Career Arts and Sciences","searcybeautycollege.com/","searcybeautycollege.com","NULL",0,"NULL","0.9231","0.0385","0.0385","0","0","0","0","0","0","NULL","NULL","NULL","NULL","NULL","NULL","NULL","NULL","NULL","NULL","NULL","NULL","0","NULL",1,"NULL","18153","NULL","NULL","NULL","NULL","NULL","NULL","NULL","17958","19520","NULL","NULL","NULL","NULL","NULL","NULL","NULL","NULL","NULL","NULL","NULL","NULL","NULL","NULL","18153","NULL","NULL","NULL","19520","NULL","NULL","NULL","NULL","NULL","NULL","NULL","16","NULL","NULL","NULL","NULL","NULL","NULL","NULL","14","2","0","0","0","NULL","NULL","NULL","NULL","NULL","NULL","NULL","NULL","NULL","NULL","NULL","22385","NULL","NULL","13200","2198","1261"
"58","Shorter College","N Little Rock","AR","72114","Transnational Association of Christian Colleges and Schools","www.shortercollege.edu","www.shortercollege.edu","NULL",0,"NULL","0.0127","0.9831","0.0042","0","0","0","0","0","0","NULL","NULL","NULL","NULL","NULL","NULL","NULL","NULL","NULL","NULL","NULL","NULL","0.1059","NULL",1,"NULL","16833","NULL","NULL","NULL","NULL","NULL","NULL","NULL","16833","NULL","NULL","NULL","NULL","NULL","NULL","NULL","NULL","NULL","NULL","NULL","NULL","NULL","NULL","NULL","16833","NULL","NULL","NULL","NULL","NULL","NULL","NULL","NULL","NULL","NULL","NULL","35","NULL","NULL","NULL","NULL","NULL","NULL","NULL","35","0","0","0","0","NULL","NULL","NULL","NULL","NULL","NULL","NULL","NULL","NULL","NULL","20759","NULL","4904","4904","NULL","5449","2768"
"59","Williams Baptist College","Walnut Ridge","AR","72476","North Central Association of Colleges and Schools The Higher Learning Commission","www.wbcoll.edu","williamsbaptistcollege.com/financial_aid_scholarships/net_price_calculator.aspx","NULL",0,"NULL","0.8306","0.0857","0.0408","0","0.0143","0","0","0.0286","0","NULL","NULL","NULL","NULL","NULL","NULL","NULL","NULL","NULL","NULL","NULL","NULL","0.0163","NULL",1,"NULL","14731","NULL","NULL","NULL","NULL","NULL","NULL","NULL","12827","13477","14719","16829","16388","NULL","NULL","NULL","NULL","NULL","NULL","NULL","NULL","NULL","NULL","NULL","13065","NULL","NULL","NULL","14227","NULL","16663","NULL","NULL","NULL","NULL","NULL","126","NULL","NULL","NULL","NULL","NULL","NULL","NULL","33","19","29","28","17","NULL","NULL","NULL","NULL","NULL","NULL","NULL","NULL","NULL","NULL","24697","NULL","16430","16430","NULL","6947","6148"
"60","South Arkansas Community College","El Dorado","AR","71731-7010","North Central Association of Colleges and Schools The Higher Learning Commission","www.southark.edu","www.southark.edu/netpricecalculator/","NULL",0,"NULL","0.5398","0.39","0.0584","0.0034","0.0042","0","0","0","0.0042","NULL","NULL","NULL","NULL","NULL","NULL","NULL","NULL","NULL","NULL","NULL","NULL","0.4915","NULL",1,"9059","NULL","NULL","NULL","9059","NULL","NULL","NULL","NULL","NULL","NULL","NULL","NULL","NULL","NULL","NULL","NULL","NULL","NULL","NULL","NULL","NULL","NULL","NULL","9059","NULL","NULL","NULL","NULL","NULL","NULL","NULL","NULL","NULL","NULL","NULL","106","NULL","NULL","NULL","106","0","0","0","0","NULL","NULL","NULL","NULL","NULL","NULL","NULL","NULL","NULL","NULL","NULL","NULL","NULL","NULL","NULL","14152","NULL","2402","4538","NULL","1689","6784"
"61","Southern Arkansas University Main Campus","Magnolia","AR","71753","North Central Association of Colleges and Schools The Higher Learning Commission","https://www.saumag.edu","https://www.saumag.edu/netprice/","NULL",0,"NULL","0.6327","0.2812","0.0304","0.0056","0.0059","0.0098","0","0.0339","0.0003","NULL","NULL","NULL","NULL","NULL","NULL","NULL","NULL","NULL","NULL","NULL","NULL","0.0686","NULL",1,"11328","NULL","NULL","NULL","10133","10632","13265","14768","15003","NULL","NULL","NULL","NULL","NULL","NULL","NULL","NULL","NULL","NULL","NULL","NULL","NULL","NULL","NULL","10273","NULL","NULL","NULL","11715","NULL","14839","NULL","NULL","NULL","NULL","NULL","361","NULL","NULL","NULL","187","73","51","35","15","NULL","NULL","NULL","NULL","NULL","NULL","NULL","NULL","NULL","NULL","NULL","NULL","NULL","NULL","NULL","19970","NULL","7961","11531","NULL","3934","6340"
"62","Southern Arkansas University Tech","Camden","AR","71701-1906","North Central Association of Colleges and Schools The Higher Learning Commission","www.sautech.edu","www.sautech.edu/netPriceCalc/npcalc.htm","NULL",0,"NULL","0.5968","0.34","0.0244","0.0043","0.0014","0.0014","0.0258","0.0029","0.0029","NULL","NULL","NULL","NULL","NULL","NULL","NULL","NULL","NULL","NULL","NULL","NULL","0.2898","NULL",1,"10043","NULL","NULL","NULL","9604","10358","12196","NULL","NULL","NULL","NULL","NULL","NULL","NULL","NULL","NULL","NULL","NULL","NULL","NULL","NULL","NULL","NULL","NULL","9785","NULL","NULL","NULL","10971","NULL","NULL","NULL","NULL","NULL","NULL","NULL","56","NULL","NULL","NULL","38","12","6","0","0","NULL","NULL","NULL","NULL","NULL","NULL","NULL","NULL","NULL","NULL","NULL","NULL","NULL","NULL","NULL","16936","NULL","4677","6117","NULL","2380","7323"
"63","Velvatex College of Beauty Culture","Little Rock","AR","72202-5452","National Accrediting Commission of Career Arts and Sciences","www.velvatexcollege.com","www.velvatexcollege.com","NULL",0,"NULL","0.0435","0.913","0","0","0.0435","0","0","0","0","NULL","NULL","NULL","NULL","NULL","NULL","NULL","NULL","NULL","NULL","NULL","NULL","0.1304","NULL",1,"NULL","4155","NULL","NULL","NULL","NULL","NULL","NULL","NULL","4155","NULL","NULL","NULL","NULL","NULL","NULL","NULL","NULL","NULL","NULL","NULL","NULL","NULL","NULL","NULL","4155","NULL","NULL","NULL","NULL","NULL","NULL","NULL","NULL","NULL","NULL","NULL","18","NULL","NULL","NULL","NULL","NULL","NULL","NULL","18","0","0","0","0","NULL","NULL","NULL","NULL","NULL","NULL","NULL","NULL","NULL","NULL","NULL","9885","NULL","NULL","14562","375","692"
"64","University of Arkansas-Fort Smith","Fort Smith","AR","72913-3649","North Central Association of Colleges and Schools The Higher Learning Commission","uafs.edu/","admissions.uafs.edu/sites/admissions.uafs.edu/files/Departments/Financial/documents/np_calc/npcalc.htm","NULL",0,"NULL","0.6983","0.0405","0.1071","0.0509","0.0249","0.0009","0.0634","0.0132","0.0009","NULL","NULL","NULL","NULL","NULL","NULL","NULL","NULL","NULL","NULL","NULL","NULL","0.2063","NULL",1,"7425","NULL","NULL","NULL","7210","6899","8576","9525","11822","NULL","NULL","NULL","NULL","NULL","NULL","NULL","NULL","NULL","NULL","NULL","NULL","NULL","NULL","NULL","7185","NULL","NULL","NULL","7709","NULL","10059","NULL","NULL","NULL","NULL","NULL","845","NULL","NULL","NULL","684","61","57","33","10","NULL","NULL","NULL","NULL","NULL","NULL","NULL","NULL","NULL","NULL","NULL","NULL","NULL","NULL","NULL","13897","NULL","5062","11302","NULL","2468","5743"
"65","NorthWest Arkansas Community College","Bentonville","AR","72712-5091","North Central Association of Colleges and Schools The Higher Learning Commission","www.nwacc.edu","https://content.nwacc.edu/netprice/npcalc.htm","NULL",0,"NULL","0.6414","0.0266","0.1775","0.0279","0.021","0.0041","0.0289","0.0228","0.0499","NULL","NULL","NULL","NULL","NULL","NULL","NULL","NULL","NULL","NULL","NULL","NULL","0.5937","NULL",1,"6824","NULL","NULL","NULL","5371","6706","8455","10561","10518","NULL","NULL","NULL","NULL","NULL","NULL","NULL","NULL","NULL","NULL","NULL","NULL","NULL","NULL","NULL","5746","NULL","NULL","NULL","7556","NULL","10542","NULL","NULL","NULL","NULL","NULL","580","NULL","NULL","NULL","290","113","107","39","31","NULL","NULL","NULL","NULL","NULL","NULL","NULL","NULL","NULL","NULL","NULL","NULL","NULL","NULL","NULL","11864","NULL","3208","4708","NULL","2634","4870"
"66","ITT Technical Institute-Little Rock","Little Rock","AR","72211","NULL","www.itt-tech.edu","www.itt-tech.edu/npc","NULL",0,"NULL","0.5228","0.3503","0.0457","0.0102","0.0203","0","0.0355","0","0.0152","NULL","NULL","NULL","NULL","NULL","NULL","NULL","NULL","NULL","NULL","NULL","NULL","0.198","NULL",0,"NULL","24310","NULL","NULL","NULL","NULL","NULL","NULL","NULL","24124","23908","26272","27941","NULL","NULL","NULL","NULL","NULL","NULL","NULL","NULL","NULL","NULL","NULL","NULL","24089","NULL","NULL","NULL","24617","NULL","27941","NULL","NULL","NULL","NULL","NULL","47","NULL","NULL","NULL","NULL","NULL","NULL","NULL","36","7","3","1","0","NULL","NULL","NULL","NULL","NULL","NULL","NULL","NULL","NULL","NULL","27941","NULL","18048","18048","NULL","17167","2125"
"67","Arkansas State University-Mountain Home","Mountain Home","AR","72653","North Central Association of Colleges and Schools The Higher Learning Commission","www.asumh.edu","https://www.asumh.edu/financial-aid/net-price-calculator.html","NULL",0,"NULL","0.8887","0.0063","0.0316","0.0032","0.0126","0","0.0458","0","0.0118","NULL","NULL","NULL","NULL","NULL","NULL","NULL","NULL","NULL","NULL","NULL","NULL","0.4136","NULL",1,"10001","NULL","NULL","NULL","9232","9916","11961","12762","13853","NULL","NULL","NULL","NULL","NULL","NULL","NULL","NULL","NULL","NULL","NULL","NULL","NULL","NULL","NULL","9407","NULL","NULL","NULL","10765","NULL","12871","NULL","NULL","NULL","NULL","NULL","153","NULL","NULL","NULL","90","31","22","9","1","NULL","NULL","NULL","NULL","NULL","NULL","NULL","NULL","NULL","NULL","NULL","NULL","NULL","NULL","NULL","13853","NULL","2736","4320","NULL","1204","7102"
"68","Remington College-Little Rock Campus","Little Rock","AR","72204","Accrediting Commission of Career Schools and Colleges","www.remingtoncollege.edu/little-rock-arkansas-technical-colleges","calculator.remingtoncollege.edu/","NULL",0,"NULL","0.3922","0.4314","0.098","0.0392","0","0","0.0392","0","0","NULL","NULL","NULL","NULL","NULL","NULL","NULL","NULL","NULL","NULL","NULL","NULL","0","NULL",1,"NULL","24243","NULL","NULL","NULL","NULL","NULL","NULL","NULL","24062","24299","27190","28180","28180","NULL","NULL","NULL","NULL","NULL","NULL","NULL","NULL","NULL","NULL","NULL","24086","NULL","NULL","NULL","24660","NULL","28180","NULL","NULL","NULL","NULL","NULL","72","NULL","NULL","NULL","NULL","NULL","NULL","NULL","62","7","1","1","1","NULL","NULL","NULL","NULL","NULL","NULL","NULL","NULL","NULL","NULL","28180","NULL","16950","16950","NULL","9936","7437"
"69","Arkansas State University-Newport","Newport","AR","72112","North Central Association of Colleges and Schools The Higher Learning Commission","www.asun.edu","www.asun.edu/netprice","NULL",0,"NULL","0.7148","0.1759","0.0382","0.004","0.0013","0.0007","0.0303","0.0079","0.027","NULL","NULL","NULL","NULL","NULL","NULL","NULL","NULL","NULL","NULL","NULL","NULL","0.3465","NULL",1,"5352","NULL","NULL","NULL","4753","5612","6898","9229","9685","NULL","NULL","NULL","NULL","NULL","NULL","NULL","NULL","NULL","NULL","NULL","NULL","NULL","NULL","NULL","4966","NULL","NULL","NULL","6059","NULL","9353","NULL","NULL","NULL","NULL","NULL","285","NULL","NULL","NULL","182","60","32","8","3","NULL","NULL","NULL","NULL","NULL","NULL","NULL","NULL","NULL","NULL","NULL","NULL","NULL","NULL","NULL","10339","NULL","2616","4008","NULL","2026","4865"
"70","Arthur's Beauty School Inc-Conway","Conway","AR","72032","National Accrediting Commission of Career Arts and Sciences","www.arthursbeautycollege.com","www.arthursbeautycollege.com/conway.html","NULL",0,"NULL","0.55","0.375","0.075","0","0","0","0","0","0","NULL","NULL","NULL","NULL","NULL","NULL","NULL","NULL","NULL","NULL","NULL","NULL","0","NULL",1,"NULL","9283","NULL","NULL","NULL","NULL","NULL","NULL","NULL","9283","NULL","NULL","NULL","NULL","NULL","NULL","NULL","NULL","NULL","NULL","NULL","NULL","NULL","NULL","NULL","9283","NULL","NULL","NULL","NULL","NULL","NULL","NULL","NULL","NULL","NULL","NULL","29","NULL","NULL","NULL","NULL","NULL","NULL","NULL","29","0","0","0","0","NULL","NULL","NULL","NULL","NULL","NULL","NULL","NULL","NULL","NULL","NULL","13237","NULL","NULL","13045","9416","4747"
"71","Credence Institute of Beauty","Crossett","AR","71635","NULL","crossettschoolofcosmetology.com","crossettschoolofcosmetology.com/prospective-students/price-calculator","NULL",0,"NULL","0.8125","0.125","0.0625","0","0","0","0","0","0","NULL","NULL","NULL","NULL","NULL","NULL","NULL","NULL","NULL","NULL","NULL","NULL","0","NULL",0,"NULL","9046","NULL","NULL","NULL","NULL","NULL","NULL","NULL","8954","10889","NULL","NULL","NULL","NULL","NULL","NULL","NULL","NULL","NULL","NULL","NULL","NULL","NULL","NULL","9046","NULL","NULL","NULL","10889","NULL","NULL","NULL","NULL","NULL","NULL","NULL","21","NULL","NULL","NULL","NULL","NULL","NULL","NULL","20","1","0","0","0","NULL","NULL","NULL","NULL","NULL","NULL","NULL","NULL","NULL","NULL","NULL","14089","NULL","NULL","12700","9038","4295"
"72","Ecclesia College","Springdale","AR","72762","Association for Bibical Higher Educaiton","www.ecollege.edu/","ecollege.edu/cost-of-education/","NULL",1,"NULL","0.7158","0.0863","0.0755","0.0072","0.0252","0.0036","0.0216","0.0647","0","NULL","NULL","NULL","NULL","NULL","NULL","NULL","NULL","NULL","NULL","NULL","NULL","0.1475","NULL",1,"NULL","16530","NULL","NULL","NULL","NULL","NULL","NULL","NULL","13804","13890","17017","21930","19394","NULL","NULL","NULL","NULL","NULL","NULL","NULL","NULL","NULL","NULL","NULL","13822","NULL","NULL","NULL","16055","NULL","20451","NULL","NULL","NULL","NULL","NULL","40","NULL","NULL","NULL","NULL","NULL","NULL","NULL","15","4","9","5","7","NULL","NULL","NULL","NULL","NULL","NULL","NULL","NULL","NULL","NULL","27720","NULL","15140","15140","NULL","12361","5174"
"73","Blue Cliff College-Fayetteville","Fayetteville","AR","72703","Accrediting Commission of Career Schools and Colleges","bluecliffcollege.com","bluecliffcollege.edu/cosmo-npcalc/cosmetologynpcalc.htm","NULL",0,"NULL","0.669","0.0845","0.162","0.0035","0.0317","0.0423","0.007","0","0","NULL","NULL","NULL","NULL","NULL","NULL","NULL","NULL","NULL","NULL","NULL","NULL","0","NULL",1,"NULL","20516","NULL","NULL","NULL","NULL","NULL","NULL","NULL","20384","21979","22503","NULL","NULL","NULL","NULL","NULL","NULL","NULL","NULL","NULL","NULL","NULL","NULL","NULL","20459","NULL","NULL","NULL","22176","NULL","NULL","NULL","NULL","NULL","NULL","NULL","217","NULL","NULL","NULL","NULL","NULL","NULL","NULL","201","10","6","0","0","NULL","NULL","NULL","NULL","NULL","NULL","NULL","NULL","NULL","NULL","NULL","23651","NULL","NULL","15470","7745","1433"
"74","Bryan University","Rogers","AR","72756","Accrediting Council for Independent Colleges and Schools","www.bryanu.edu","www.bryanu.edu","NULL",0,"NULL","0.4","0.05","0.35","0.1","0","0.1","0","0","0","NULL","NULL","NULL","NULL","NULL","NULL","NULL","NULL","NULL","NULL","NULL","NULL","0","NULL",1,"NULL","19556","NULL","NULL","NULL","NULL","NULL","NULL","NULL","19556","NULL","NULL","NULL","NULL","NULL","NULL","NULL","NULL","NULL","NULL","NULL","NULL","NULL","NULL","NULL","19556","NULL","NULL","NULL","NULL","NULL","NULL","NULL","NULL","NULL","NULL","NULL","13","NULL","NULL","NULL","NULL","NULL","NULL","NULL","13","0","0","0","0","NULL","NULL","NULL","NULL","NULL","NULL","NULL","NULL","NULL","NULL","24125","NULL","15433","15433","NULL","14223","2009"
"75","Heritage College-Little Rock","Little Rock","AR","72227","NULL","www.heritagecollege.edu","www.heritage-education.com","NULL",0,"NULL","0.4503","0.4945","0.0287","0.0066","0","0.0022","0.0132","0","0.0044","NULL","NULL","NULL","NULL","NULL","NULL","NULL","NULL","NULL","NULL","NULL","NULL","0","NULL",0,"NULL","19563","NULL","NULL","NULL","NULL","NULL","NULL","NULL","19475","19666","20984","21900","NULL","NULL","NULL","NULL","NULL","NULL","NULL","NULL","NULL","NULL","NULL","NULL","19489","NULL","NULL","NULL","20085","NULL","21900","NULL","NULL","NULL","NULL","NULL","209","NULL","NULL","NULL","NULL","NULL","NULL","NULL","185","15","7","2","0","NULL","NULL","NULL","NULL","NULL","NULL","NULL","NULL","NULL","NULL","NULL","23240","NULL","NULL","21000","7389","2044"
"76","Washington Barber College Inc","Little Rock","AR","72209-3820","Council on Occupational Education","www.washingtonbarbercollege.com/","www.washingtonbarbercollege.edu","NULL",0,"NULL","0","0.9612","0.0194","0","0.0097","0","0","0","0.0097","NULL","NULL","NULL","NULL","NULL","NULL","NULL","NULL","NULL","NULL","NULL","NULL","0","NULL",1,"NULL","6493","NULL","NULL","NULL","NULL","NULL","NULL","NULL","6493","NULL","NULL","NULL","NULL","NULL","NULL","NULL","NULL","NULL","NULL","NULL","NULL","NULL","NULL","NULL","6493","NULL","NULL","NULL","NULL","NULL","NULL","NULL","NULL","NULL","NULL","NULL","57","NULL","NULL","NULL","NULL","NULL","NULL","NULL","57","0","0","0","0","NULL","NULL","NULL","NULL","NULL","NULL","NULL","NULL","NULL","NULL","NULL","11998","NULL","NULL","13500","6196","2254"
"77","Strayer University-Arkansas","Little Rock","AR","72211","Middle States Commission on Higher Education","www.strayer.edu/arkansas/little-rock","https://strayer.aidcalc.com/netprice.htm","NULL",0,"NULL","0.2583","0.6954","0.0199","0","0","0.0066","0.0199","0","0","NULL","NULL","NULL","NULL","NULL","NULL","NULL","NULL","NULL","NULL","NULL","NULL","0.8742","NULL",1,"NULL","23814","NULL","NULL","NULL","NULL","NULL","NULL","NULL","NULL","23814","NULL","NULL","NULL","NULL","NULL","NULL","NULL","NULL","NULL","NULL","NULL","NULL","NULL","NULL","23814","NULL","NULL","NULL","23814","NULL","NULL","NULL","NULL","NULL","NULL","NULL","2","NULL","NULL","NULL","NULL","NULL","NULL","NULL","0","2","0","0","0","NULL","NULL","NULL","NULL","NULL","NULL","NULL","NULL","NULL","NULL","29544","NULL","12975","12975","NULL","15952","2187"
"78","The Salon Professional Academy-North Little Rock","North Little Rock","AR","72116-7310","National Accrediting Commission of Career Arts and Sciences","littlerockbeautyschool.com/","littlerockbeautyschool.com/enrollment/","NULL",0,"NULL","0.7391","0.1594","0.0435","0.0145","0","0","0","0","0.0435","NULL","NULL","NULL","NULL","NULL","NULL","NULL","NULL","NULL","NULL","NULL","NULL","0.1159","NULL",1,"NULL","9524","NULL","NULL","NULL","NULL","NULL","NULL","NULL","9524","NULL","NULL","NULL","NULL","NULL","NULL","NULL","NULL","NULL","NULL","NULL","NULL","NULL","NULL","NULL","9524","NULL","NULL","NULL","NULL","NULL","NULL","NULL","NULL","NULL","NULL","NULL","41","NULL","NULL","NULL","NULL","NULL","NULL","NULL","41","0","0","0","0","NULL","NULL","NULL","NULL","NULL","NULL","NULL","NULL","NULL","NULL","NULL","13919","NULL","NULL","15990","7174","1806"
"79","Regency Beauty Institute-Little Rock","Little Rock","AR","72205","NULL","www.regency.edu","www.regency.edu/institute/financial-aid/calculator/","NULL",0,"NULL","0.0972","0.375","0.0278","0","0.0139","0","0.0556","0","0.4306","NULL","NULL","NULL","NULL","NULL","NULL","NULL","NULL","NULL","NULL","NULL","NULL","0.3889","NULL",0,"NULL","22374","NULL","NULL","NULL","NULL","NULL","NULL","NULL","22374","NULL","NULL","NULL","NULL","NULL","NULL","NULL","NULL","NULL","NULL","NULL","NULL","NULL","NULL","NULL","22374","NULL","NULL","NULL","NULL","NULL","NULL","NULL","NULL","NULL","NULL","NULL","39","NULL","NULL","NULL","NULL","NULL","NULL","NULL","39","0","0","0","0","NULL","NULL","NULL","NULL","NULL","NULL","NULL","NULL","NULL","NULL","NULL","25865","NULL","NULL","17400","10385","8098"
"80","Regency Beauty Institute-Fayetteville","Fayetteville","AR","72703","NULL","www.regency.edu","www.regency.edu/institute/financial-aid/calculator/","NULL",0,"NULL","0.3333","0.0333","0.0667","0","0.0333","0","0.1667","0","0.3667","NULL","NULL","NULL","NULL","NULL","NULL","NULL","NULL","NULL","NULL","NULL","NULL","0.4","NULL",0,"NULL","20243","NULL","NULL","NULL","NULL","NULL","NULL","NULL","20243","NULL","NULL","NULL","NULL","NULL","NULL","NULL","NULL","NULL","NULL","NULL","NULL","NULL","NULL","NULL","20243","NULL","NULL","NULL","NULL","NULL","NULL","NULL","NULL","NULL","NULL","NULL","20","NULL","NULL","NULL","NULL","NULL","NULL","NULL","20","0","0","0","0","NULL","NULL","NULL","NULL","NULL","NULL","NULL","NULL","NULL","NULL","NULL","23305","NULL","NULL","17400","18374","14327"
"81","Designer Barber & Stylist School","Ft Smith","AR","72903-3753","National Accrediting Commission of Career Arts and Sciences","designercollege.net","designercollege.net","NULL",0,"NULL","0.5455","0.1818","0.1818","0.0606","0.0303","0","0","0","0","NULL","NULL","NULL","NULL","NULL","NULL","NULL","NULL","NULL","NULL","NULL","NULL","0","NULL",1,"NULL","16220","NULL","NULL","NULL","NULL","NULL","NULL","NULL","16220","NULL","NULL","NULL","NULL","NULL","NULL","NULL","NULL","NULL","NULL","NULL","NULL","NULL","NULL","NULL","16220","NULL","NULL","NULL","NULL","NULL","NULL","NULL","NULL","NULL","NULL","NULL","25","NULL","NULL","NULL","NULL","NULL","NULL","NULL","25","0","0","0","0","NULL","NULL","NULL","NULL","NULL","NULL","NULL","NULL","NULL","NULL","NULL","21411","NULL","NULL","14900","9135","1010"
"82","University of Phoenix-Arkansas","Little Rock","AR","72211","North Central Association of Colleges and Schools The Higher Learning Commission","www.phoenix.edu","www.phoenix.edu/tuition_and_financial_options/tuition_and_fees.html","NULL",0,"NULL","0.3744","0.2654","0.0379","0.0095","0.019","0.0095","0.0427","0","0.2417","NULL","NULL","NULL","NULL","NULL","NULL","NULL","NULL","NULL","NULL","NULL","NULL","0","NULL",1,"NULL","NULL","NULL","NULL","NULL","NULL","NULL","NULL","NULL","NULL","NULL","NULL","NULL","NULL","NULL","NULL","NULL","NULL","NULL","NULL","NULL","NULL","NULL","NULL","NULL","NULL","NULL","NULL","NULL","NULL","NULL","NULL","NULL","NULL","NULL","NULL","NULL","NULL","NULL","NULL","NULL","NULL","NULL","NULL","NULL","NULL","NULL","NULL","NULL","NULL","NULL","NULL","NULL","NULL","NULL","NULL","NULL","NULL","NULL","NULL","NULL","NULL","NULL","NULL","NULL","6079","2783"
"83","New Beginnings Beauty Academy","Pine Bluff","AR","71601-5257","National Accrediting Commission of Career Arts and Sciences","nbbacosmetology.com","nbbacosmetology.com","NULL",0,"NULL","0","1","0","0","0","0","0","0","0","NULL","NULL","NULL","NULL","NULL","NULL","NULL","NULL","NULL","NULL","NULL","NULL","0.1935","NULL",1,"NULL","7822","NULL","NULL","NULL","NULL","NULL","NULL","NULL","7822","NULL","NULL","NULL","NULL","NULL","NULL","NULL","NULL","NULL","NULL","NULL","NULL","NULL","NULL","NULL","7822","NULL","NULL","NULL","NULL","NULL","NULL","NULL","NULL","NULL","NULL","NULL","5","NULL","NULL","NULL","NULL","NULL","NULL","NULL","5","0","0","0","0","NULL","NULL","NULL","NULL","NULL","NULL","NULL","NULL","NULL","NULL","NULL","10202","NULL","NULL","12000","3122","927"
"84","The Beauty School","Mountain Home","AR","72653","National Accrediting Commission of Career Arts and Sciences","thebeautyschoolmh.com","thebeautyschoolmh.com","NULL",0,"NULL","1","0","0","0","0","0","0","0","0","NULL","NULL","NULL","NULL","NULL","NULL","NULL","NULL","NULL","NULL","NULL","NULL","0","NULL",1,"NULL","17350","NULL","NULL","NULL","NULL","NULL","NULL","NULL","17350","NULL","NULL","NULL","NULL","NULL","NULL","NULL","NULL","NULL","NULL","NULL","NULL","NULL","NULL","NULL","17350","NULL","NULL","NULL","NULL","NULL","NULL","NULL","NULL","NULL","NULL","NULL","2","NULL","NULL","NULL","NULL","NULL","NULL","NULL","2","0","0","0","0","NULL","NULL","NULL","NULL","NULL","NULL","NULL","NULL","NULL","NULL","NULL","20189","NULL","NULL","12870","8058","6396"
"85","Academy of Professional Cosmetology","Rogers","AR","72756-2028","National Accrediting Commission of Career Arts and Sciences","www.apcschools.com","apcschools.com/price-calculator/","NULL",0,"NULL","0.7708","0","0.1667","0.0208","0","0","0","0.0208","0.0208","NULL","NULL","NULL","NULL","NULL","NULL","NULL","NULL","NULL","NULL","NULL","NULL","0.0417","NULL",1,"NULL","9687","NULL","NULL","NULL","NULL","NULL","NULL","NULL","9687","NULL","NULL","NULL","NULL","NULL","NULL","NULL","NULL","NULL","NULL","NULL","NULL","NULL","NULL","NULL","9687","NULL","NULL","NULL","NULL","NULL","NULL","NULL","NULL","NULL","NULL","NULL","8","NULL","NULL","NULL","NULL","NULL","NULL","NULL","8","0","0","0","0","NULL","NULL","NULL","NULL","NULL","NULL","NULL","NULL","NULL","NULL","NULL","13955","NULL","NULL","6701","210","1503"
"86","Arkansas College of Barbering and Hair Design","Little Rock","AR","722054949","Accrediting Commission of Career Schools and Colleges","www.arkansascollegeofbarbering.com","NULL","NULL",0,"NULL","NULL","NULL","NULL","NULL","NULL","NULL","NULL","NULL","NULL","NULL","NULL","NULL","NULL","NULL","NULL","NULL","NULL","NULL","NULL","NULL","NULL","NULL","NULL",1,"NULL","NULL","NULL","NULL","NULL","NULL","NULL","NULL","NULL","NULL","NULL","NULL","NULL","NULL","NULL","NULL","NULL","NULL","NULL","NULL","NULL","NULL","NULL","NULL","NULL","NULL","NULL","NULL","NULL","NULL","NULL","NULL","NULL","NULL","NULL","NULL","NULL","NULL","NULL","NULL","NULL","NULL","NULL","NULL","NULL","NULL","NULL","NULL","NULL","NULL","NULL","NULL","NULL","NULL","NULL","NULL","NULL","NULL","NULL","NULL","NULL","NULL","NULL","NULL","16750","NULL","NULL"
"87","Arkansas College of Barbering & Hair Design -  SWLR Campus","Little Rock","AR","722094949","NULL","NULL","NULL","NULL",0,"NULL","NULL","NULL","NULL","NULL","NULL","NULL","NULL","NULL","NULL","NULL","NULL","NULL","NULL","NULL","NULL","NULL","NULL","NULL","NULL","NULL","NULL","NULL","NULL",0,"NULL","NULL","NULL","NULL","NULL","NULL","NULL","NULL","NULL","NULL","NULL","NULL","NULL","NULL","NULL","NULL","NULL","NULL","NULL","NULL","NULL","NULL","NULL","NULL","NULL","NULL","NULL","NULL","NULL","NULL","NULL","NULL","NULL","NULL","NULL","NULL","NULL","NULL","NULL","NULL","NULL","NULL","NULL","NULL","NULL","NULL","NULL","NULL","NULL","NULL","NULL","NULL","NULL","NULL","NULL","NULL","NULL","NULL","NULL","NULL","NULL","NULL","NULL","NULL","16750","NULL","NULL"
"88","Career Academy of Hair Design-Siloam Springs","Siloam Springs","AR","727614217","National Accrediting Commission of Career Arts and Sciences","www.beautynwa.com","NULL","NULL",0,"NULL","NULL","NULL","NULL","NULL","NULL","NULL","NULL","NULL","NULL","NULL","NULL","NULL","NULL","NULL","NULL","NULL","NULL","NULL","NULL","NULL","NULL","NULL","NULL",1,"NULL","NULL","NULL","NULL","NULL","NULL","NULL","NULL","NULL","NULL","NULL","NULL","NULL","NULL","NULL","NULL","NULL","NULL","NULL","NULL","NULL","NULL","NULL","NULL","NULL","NULL","NULL","NULL","NULL","NULL","NULL","NULL","NULL","NULL","NULL","NULL","NULL","NULL","NULL","NULL","NULL","NULL","NULL","NULL","NULL","NULL","NULL","NULL","NULL","NULL","NULL","NULL","NULL","NULL","NULL","NULL","NULL","NULL","NULL","NULL","NULL","NULL","NULL","NULL","13695","NULL","NULL"
"89","Career Academy of Hair Design-Rogers","Rogers","AR","727562102","National Accrediting Commission of Career Arts and Sciences","www.beautynwa.com","NULL","NULL",0,"NULL","NULL","NULL","NULL","NULL","NULL","NULL","NULL","NULL","NULL","NULL","NULL","NULL","NULL","NULL","NULL","NULL","NULL","NULL","NULL","NULL","NULL","NULL","NULL",1,"NULL","NULL","NULL","NULL","NULL","NULL","NULL","NULL","NULL","NULL","NULL","NULL","NULL","NULL","NULL","NULL","NULL","NULL","NULL","NULL","NULL","NULL","NULL","NULL","NULL","NULL","NULL","NULL","NULL","NULL","NULL","NULL","NULL","NULL","NULL","NULL","NULL","NULL","NULL","NULL","NULL","NULL","NULL","NULL","NULL","NULL","NULL","NULL","NULL","NULL","NULL","NULL","NULL","NULL","NULL","NULL","NULL","NULL","NULL","NULL","NULL","NULL","NULL","NULL","13695","NULL","NULL"
"90","Career Academy of Hair Design-Fayetteville","Fayetteville","AR","727014217","National Accrediting Commission of Career Arts and Sciences","www.beautynwa.com","NULL","NULL",0,"NULL","NULL","NULL","NULL","NULL","NULL","NULL","NULL","NULL","NULL","NULL","NULL","NULL","NULL","NULL","NULL","NULL","NULL","NULL","NULL","NULL","NULL","NULL","NULL",1,"NULL","NULL","NULL","NULL","NULL","NULL","NULL","NULL","NULL","NULL","NULL","NULL","NULL","NULL","NULL","NULL","NULL","NULL","NULL","NULL","NULL","NULL","NULL","NULL","NULL","NULL","NULL","NULL","NULL","NULL","NULL","NULL","NULL","NULL","NULL","NULL","NULL","NULL","NULL","NULL","NULL","NULL","NULL","NULL","NULL","NULL","NULL","NULL","NULL","NULL","NULL","NULL","NULL","NULL","NULL","NULL","NULL","NULL","NULL","NULL","NULL","NULL","NULL","NULL","13695","NULL","NULL"
"91","University of Arkansas Community College at Hope - Texarkana","Texarkana","AR","718541467","North Central Association of Colleges and Schools The Higher Learning Commission","www.uacch.edu","NULL","NULL",0,"NULL","NULL","NULL","NULL","NULL","NULL","NULL","NULL","NULL","NULL","NULL","NULL","NULL","NULL","NULL","NULL","NULL","NULL","NULL","NULL","NULL","NULL","NULL","NULL",1,"NULL","NULL","NULL","NULL","NULL","NULL","NULL","NULL","NULL","NULL","NULL","NULL","NULL","NULL","NULL","NULL","NULL","NULL","NULL","NULL","NULL","NULL","NULL","NULL","NULL","NULL","NULL","NULL","NULL","NULL","NULL","NULL","NULL","NULL","NULL","NULL","NULL","NULL","NULL","NULL","NULL","NULL","NULL","NULL","NULL","NULL","NULL","NULL","NULL","NULL","NULL","NULL","NULL","NULL","NULL","NULL","NULL","NULL","NULL","NULL","NULL","NULL","2460","4770","NULL","NULL","NULL"
"92","CC's Cosmetology College-Texarkana","Texarkana","AR","71854","NULL","www.cccosmetologcollege.com","NULL","NULL",0,"NULL","NULL","NULL","NULL","NULL","NULL","NULL","NULL","NULL","NULL","NULL","NULL","NULL","NULL","NULL","NULL","NULL","NULL","NULL","NULL","NULL","NULL","NULL","NULL",0,"NULL","NULL","NULL","NULL","NULL","NULL","NULL","NULL","NULL","NULL","NULL","NULL","NULL","NULL","NULL","NULL","NULL","NULL","NULL","NULL","NULL","NULL","NULL","NULL","NULL","NULL","NULL","NULL","NULL","NULL","NULL","NULL","NULL","NULL","NULL","NULL","NULL","NULL","NULL","NULL","NULL","NULL","NULL","NULL","NULL","NULL","NULL","NULL","NULL","NULL","NULL","NULL","NULL","NULL","NULL","NULL","NULL","NULL","NULL","NULL","NULL","NULL","NULL","NULL","18400","NULL","NULL"
