"","user_id","status_id","created_at","screen_name","text","source","display_text_width","reply_to_status_id","reply_to_user_id","reply_to_screen_name","is_quote","is_retweet","favorite_count","retweet_count","hashtags","symbols","urls_url","urls_t.co","urls_expanded_url","media_url","media_t.co","media_expanded_url","media_type","ext_media_url","ext_media_t.co","ext_media_expanded_url","ext_media_type","mentions_user_id","mentions_screen_name","lang","quoted_status_id","quoted_text","quoted_created_at","quoted_source","quoted_favorite_count","quoted_retweet_count","quoted_user_id","quoted_screen_name","quoted_name","quoted_followers_count","quoted_friends_count","quoted_statuses_count","quoted_location","quoted_description","quoted_verified","retweet_status_id","retweet_text","retweet_created_at","retweet_source","retweet_favorite_count","retweet_retweet_count","retweet_user_id","retweet_screen_name","retweet_name","retweet_followers_count","retweet_friends_count","retweet_statuses_count","retweet_location","retweet_description","retweet_verified","place_url","place_name","place_full_name","place_type","country","country_code","geo_coords","coords_coords","bbox_coords","status_url","name","location","description","url","protected","followers_count","friends_count","listed_count","statuses_count","favourites_count","account_created_at","verified","profile_url","profile_expanded_url","account_lang","profile_banner_url","profile_background_url","profile_image_url"
"1","930566574288728064","1083888145609838592","2019-01-12 00:47:26","Ocasio2018_","Three easy ways for the GOP to stop feeling sorry for themselves: 
‚úÖ Give honest, working people their pay back
‚úÖ Pass legislation that actually helps people
‚úÖ Stop asking the Koch Brothers‚Äô permission to go to the bathroom https://t.co/uUUBJDmecS","Twitter for iPhone","140",NA,NA,NA,"FALSE","TRUE","0","1",NA,NA,NA,NA,NA,NA,NA,NA,NA,NA,NA,NA,NA,"930566574288728064","Ocasio2018_","en",NA,NA,NA,NA,NA,NA,NA,NA,NA,NA,NA,NA,NA,NA,NA,"1083855464905957377","Three easy ways for the GOP to stop feeling sorry for themselves: 
‚úÖ Give honest, working people their pay back
‚úÖ Pass legislation that actually helps people
‚úÖ Stop asking the Koch Brothers‚Äô permission to go to the bathroom https://t.co/uUUBJDmecS","2019-01-11 22:37:34","Twitter for iPhone","3","1","930566574288728064","Ocasio2018_","Alexandria Ocasio-Cortez","1064","33","44","","(D) for US Congress, NY-14: Bronx + Queens || Justice Democrat (@JusticeDems)","FALSE",NA,NA,NA,NA,NA,NA,"c(NA, NA)","c(NA, NA)","c(NA, NA, NA, NA, NA, NA, NA, NA)","https://twitter.com/Ocasio2018_/status/1083888145609838592","Alexandria Ocasio-Cortez","","(D) for US Congress, NY-14: Bronx + Queens || Justice Democrat (@JusticeDems)",NA,"FALSE","1064","33","7","44","4","2017-11-14 22:42:15","FALSE",NA,NA,"en","https://pbs.twimg.com/profile_banners/930566574288728064/1531441577",NA,"http://pbs.twimg.com/profile_images/1082767339030900736/IWiefUTk_normal.jpg"
"2","930566574288728064","1083855464905957377","2019-01-11 22:37:34","Ocasio2018_","Three easy ways for the GOP to stop feeling sorry for themselves: 
‚úÖ Give honest, working people their pay back
‚úÖ Pass legislation that actually helps people
‚úÖ Stop asking the Koch Brothers‚Äô permission to go to the bathroom https://t.co/uUUBJDmecS","Twitter for iPhone","247",NA,NA,NA,"FALSE","FALSE","3","1",NA,NA,"washingtonpost.com/opinions/2019/‚Ä¶","https://t.co/uUUBJDmecS","https://www.washingtonpost.com/opinions/2019/01/11/lindsey-graham-is-depressed-doesnt-know-what-do-can-we-help/",NA,NA,NA,NA,NA,NA,NA,NA,NA,NA,"en",NA,NA,NA,NA,NA,NA,NA,NA,NA,NA,NA,NA,NA,NA,NA,NA,NA,NA,NA,NA,NA,NA,NA,NA,NA,NA,NA,NA,NA,NA,NA,NA,NA,NA,NA,NA,"c(NA, NA)","c(NA, NA)","c(NA, NA, NA, NA, NA, NA, NA, NA)","https://twitter.com/Ocasio2018_/status/1083855464905957377","Alexandria Ocasio-Cortez","","(D) for US Congress, NY-14: Bronx + Queens || Justice Democrat (@JusticeDems)",NA,"FALSE","1064","33","7","44","4","2017-11-14 22:42:15","FALSE",NA,NA,"en","https://pbs.twimg.com/profile_banners/930566574288728064/1531441577",NA,"http://pbs.twimg.com/profile_images/1082767339030900736/IWiefUTk_normal.jpg"
"3","930566574288728064","1083607504548818944","2019-01-11 06:12:16","Ocasio2018_","Bringing the boogie back to Congress! https://t.co/gvfsmKepJv","Twitter for iPhone","78",NA,NA,NA,"FALSE","TRUE","0","2",NA,NA,"twitter.com/thereval/statu‚Ä¶","https://t.co/gvfsmKepJv","https://twitter.com/thereval/status/1083488987644350465",NA,NA,NA,NA,NA,NA,NA,NA,"930566574288728064","Ocasio2018_","en",NA,NA,NA,NA,NA,NA,NA,NA,NA,NA,NA,NA,NA,NA,NA,"1083607421795233798","Bringing the boogie back to Congress! https://t.co/gvfsmKepJv","2019-01-11 06:11:56","Twitter for iPhone","8","2","930566574288728064","Ocasio2018_","Alexandria Ocasio-Cortez","1064","33","44","","(D) for US Congress, NY-14: Bronx + Queens || Justice Democrat (@JusticeDems)","FALSE",NA,NA,NA,NA,NA,NA,"c(NA, NA)","c(NA, NA)","c(NA, NA, NA, NA, NA, NA, NA, NA)","https://twitter.com/Ocasio2018_/status/1083607504548818944","Alexandria Ocasio-Cortez","","(D) for US Congress, NY-14: Bronx + Queens || Justice Democrat (@JusticeDems)",NA,"FALSE","1064","33","7","44","4","2017-11-14 22:42:15","FALSE",NA,NA,"en","https://pbs.twimg.com/profile_banners/930566574288728064/1531441577",NA,"http://pbs.twimg.com/profile_images/1082767339030900736/IWiefUTk_normal.jpg"
"4","930566574288728064","1083607476090462208","2019-01-11 06:12:09","Ocasio2018_","Check out this message from Rep. Alexandria Ocasio-Cortez. 
@CJAOurPower was excited to share our vision for a #JustTransition &amp; the #GreenNewDeal with @RepAOC
CJA members shared their solutions and brought the frontlines 2 Capitol Hill. 
 #ClimateJustice #GreenNewDeal  #GND @AOC https://t.co/thV01fWssI","Twitter for iPhone","140",NA,NA,NA,"FALSE","TRUE","0","1815",NA,NA,NA,NA,NA,NA,NA,NA,NA,NA,NA,NA,NA,"c(""1491083406"", ""1491083406"")","c(""CJAOurPower"", ""CJAOurPower"")","en",NA,NA,NA,NA,NA,NA,NA,NA,NA,NA,NA,NA,NA,NA,NA,"1083475684767514624","Check out this message from Rep. Alexandria Ocasio-Cortez. 
@CJAOurPower was excited to share our vision for a #JustTransition &amp; the #GreenNewDeal with @RepAOC
CJA members shared their solutions and brought the frontlines 2 Capitol Hill. 
 #ClimateJustice #GreenNewDeal  #GND @AOC https://t.co/thV01fWssI","2019-01-10 21:28:27","Twitter Web Client","9815","1815","1491083406","CJAOurPower","Climate Justice Alliance","5281","1791","6299","National","Communities United for A Just Transition.","FALSE",NA,NA,NA,NA,NA,NA,"c(NA, NA)","c(NA, NA)","c(NA, NA, NA, NA, NA, NA, NA, NA)","https://twitter.com/Ocasio2018_/status/1083607476090462208","Alexandria Ocasio-Cortez","","(D) for US Congress, NY-14: Bronx + Queens || Justice Democrat (@JusticeDems)",NA,"FALSE","1064","33","7","44","4","2017-11-14 22:42:15","FALSE",NA,NA,"en","https://pbs.twimg.com/profile_banners/930566574288728064/1531441577",NA,"http://pbs.twimg.com/profile_images/1082767339030900736/IWiefUTk_normal.jpg"
"5","930566574288728064","1083607421795233798","2019-01-11 06:11:56","Ocasio2018_","Bringing the boogie back to Congress! https://t.co/gvfsmKepJv","Twitter for iPhone","37",NA,NA,NA,"TRUE","FALSE","8","2",NA,NA,"twitter.com/thereval/statu‚Ä¶","https://t.co/gvfsmKepJv","https://twitter.com/thereval/status/1083488987644350465",NA,NA,NA,NA,NA,NA,NA,NA,NA,NA,"en","1083488987644350465","Great meeting with Congresswoman Ocasio-Cortez! After talking serious issues we lightened it up a bit and talked James Brown. @AOC https://t.co/vNOXBlFGGt","2019-01-10 22:21:19","Twitter for iPhone","24341","2661","42389136","TheRevAl","Reverend Al Sharpton","562816","241","24302","New York, NY","Baptist Minister & Political, Civil Rights, and Social Justice Activist","TRUE",NA,NA,NA,NA,NA,NA,NA,NA,NA,NA,NA,NA,NA,NA,NA,NA,NA,NA,NA,NA,NA,"c(NA, NA)","c(NA, NA)","c(NA, NA, NA, NA, NA, NA, NA, NA)","https://twitter.com/Ocasio2018_/status/1083607421795233798","Alexandria Ocasio-Cortez","","(D) for US Congress, NY-14: Bronx + Queens || Justice Democrat (@JusticeDems)",NA,"FALSE","1064","33","7","44","4","2017-11-14 22:42:15","FALSE",NA,NA,"en","https://pbs.twimg.com/profile_banners/930566574288728064/1531441577",NA,"http://pbs.twimg.com/profile_images/1082767339030900736/IWiefUTk_normal.jpg"
"6","930566574288728064","1083604104859897856","2019-01-11 05:58:45","Ocasio2018_","New Party, who dis? https://t.co/zeDnGsbo3g","Twitter for iPhone","19",NA,NA,NA,"TRUE","FALSE","11","3",NA,NA,"twitter.com/adamjohnsonnyc‚Ä¶","https://t.co/zeDnGsbo3g","https://twitter.com/adamjohnsonnyc/status/1083465050067746816",NA,NA,NA,NA,NA,NA,NA,NA,NA,NA,"en","1083465050067746816","guys it‚Äôs over shut it all down https://t.co/1WMUT1Ng1r","2019-01-10 20:46:12","Twitter for iPhone","14604","1363","756331316","adamjohnsonNYC","Adam H. Johnson","79018","1273","93185","Chicago, IL","co-host @citationspod, host of @theappealpod.","TRUE",NA,NA,NA,NA,NA,NA,NA,NA,NA,NA,NA,NA,NA,NA,NA,NA,NA,NA,NA,NA,NA,"c(NA, NA)","c(NA, NA)","c(NA, NA, NA, NA, NA, NA, NA, NA)","https://twitter.com/Ocasio2018_/status/1083604104859897856","Alexandria Ocasio-Cortez","","(D) for US Congress, NY-14: Bronx + Queens || Justice Democrat (@JusticeDems)",NA,"FALSE","1064","33","7","44","4","2017-11-14 22:42:15","FALSE",NA,NA,"en","https://pbs.twimg.com/profile_banners/930566574288728064/1531441577",NA,"http://pbs.twimg.com/profile_images/1082767339030900736/IWiefUTk_normal.jpg"
"7","930566574288728064","1083580332031410176","2019-01-11 04:24:17","Ocasio2018_","What blows my mind is how GOP would think a *fake* nude photo is worse than *actual* sexual assault. 

We‚Äôve seen in the past that Republicans are fine w/their own members committing sexual assault. Yet they believe a nude should end a woman‚Äôs career? #PatriarchyInAction https://t.co/dsy7foB7mg","Twitter for iPhone","271",NA,NA,NA,"TRUE","FALSE","6","0","PatriarchyInAction",NA,"twitter.com/ma_franks/stat‚Ä¶","https://t.co/dsy7foB7mg","https://twitter.com/ma_franks/status/1083398572572332032",NA,NA,NA,NA,NA,NA,NA,NA,NA,NA,"en","1083398572572332032","As @AOC says, ‚ÄúWomen in leadership face more scrutiny,"" including being targeted for nonconsensual porn, both fake &amp; real. That's why @CCRInitiative works for legislative &amp; tech reform on these issues - everyone deserves equal protection online &amp; off.  https://t.co/4OSQSd1MR1","2019-01-10 16:22:02","Twitter Web Client","2228","476","1930971006","ma_franks","Mary Anne Franks","6909","1510","6012","","Author, The Cult of the Constitution (@stanfordpress 2019).Law Professor @MiamiLawSchool. President @CCRInitiative.Co-Producer @hotgirlswanted.Teaches #kravmaga","TRUE",NA,NA,NA,NA,NA,NA,NA,NA,NA,NA,NA,NA,NA,NA,NA,NA,NA,NA,NA,NA,NA,"c(NA, NA)","c(NA, NA)","c(NA, NA, NA, NA, NA, NA, NA, NA)","https://twitter.com/Ocasio2018_/status/1083580332031410176","Alexandria Ocasio-Cortez","","(D) for US Congress, NY-14: Bronx + Queens || Justice Democrat (@JusticeDems)",NA,"FALSE","1064","33","7","44","4","2017-11-14 22:42:15","FALSE",NA,NA,"en","https://pbs.twimg.com/profile_banners/930566574288728064/1531441577",NA,"http://pbs.twimg.com/profile_images/1082767339030900736/IWiefUTk_normal.jpg"
"8","930566574288728064","1083493083474350080","2019-01-10 22:37:36","Ocasio2018_","#Legalizeit and demand justice for communities ravaged by the war on drugs.  https://t.co/nP6ZKcID36","Twitter for iPhone","100",NA,NA,NA,"FALSE","FALSE","3","0","Legalizeit",NA,"hightimes.com/news/alexandri‚Ä¶","https://t.co/nP6ZKcID36","https://hightimes.com/news/alexandria-ocasio-cortez-brings-former-marijuana-policy-project-director-her-staff/amp/#click=https://t.co/DC95dD654J",NA,NA,NA,NA,NA,NA,NA,NA,NA,NA,"en",NA,NA,NA,NA,NA,NA,NA,NA,NA,NA,NA,NA,NA,NA,NA,NA,NA,NA,NA,NA,NA,NA,NA,NA,NA,NA,NA,NA,NA,NA,NA,NA,NA,NA,NA,NA,"c(NA, NA)","c(NA, NA)","c(NA, NA, NA, NA, NA, NA, NA, NA)","https://twitter.com/Ocasio2018_/status/1083493083474350080","Alexandria Ocasio-Cortez","","(D) for US Congress, NY-14: Bronx + Queens || Justice Democrat (@JusticeDems)",NA,"FALSE","1064","33","7","44","4","2017-11-14 22:42:15","FALSE",NA,NA,"en","https://pbs.twimg.com/profile_banners/930566574288728064/1531441577",NA,"http://pbs.twimg.com/profile_images/1082767339030900736/IWiefUTk_normal.jpg"
"9","930566574288728064","1083480291568570369","2019-01-10 21:46:46","Ocasio2018_","America is a nation of immigrants. Without immigrants, we are not America.","Twitter for iPhone","91",NA,NA,NA,"FALSE","TRUE","0","2",NA,NA,NA,NA,NA,NA,NA,NA,NA,NA,NA,NA,NA,"930566574288728064","Ocasio2018_","en",NA,NA,NA,NA,NA,NA,NA,NA,NA,NA,NA,NA,NA,NA,NA,"1083226055530278912","America is a nation of immigrants. Without immigrants, we are not America.","2019-01-10 04:56:31","Twitter for iPhone","24","2","930566574288728064","Ocasio2018_","Alexandria Ocasio-Cortez","1064","33","44","","(D) for US Congress, NY-14: Bronx + Queens || Justice Democrat (@JusticeDems)","FALSE",NA,NA,NA,NA,NA,NA,"c(NA, NA)","c(NA, NA)","c(NA, NA, NA, NA, NA, NA, NA, NA)","https://twitter.com/Ocasio2018_/status/1083480291568570369","Alexandria Ocasio-Cortez","","(D) for US Congress, NY-14: Bronx + Queens || Justice Democrat (@JusticeDems)",NA,"FALSE","1064","33","7","44","4","2017-11-14 22:42:15","FALSE",NA,NA,"en","https://pbs.twimg.com/profile_banners/930566574288728064/1531441577",NA,"http://pbs.twimg.com/profile_images/1082767339030900736/IWiefUTk_normal.jpg"
"10","930566574288728064","1083480146420457472","2019-01-10 21:46:11","Ocasio2018_","Interaction I just had with female Trump supporter who recognized me and started talking to me. Her: I should‚Äôve worn my MAGA hat. Me: Your call, sister. Her: It‚Äôs all a show anyway. Me: I wish it weren‚Äôt.","Twitter for iPhone","140",NA,NA,NA,"FALSE","TRUE","0","231",NA,NA,NA,NA,NA,NA,NA,NA,NA,NA,NA,NA,NA,"429227921","cenkuygur","en",NA,NA,NA,NA,NA,NA,NA,NA,NA,NA,NA,NA,NA,NA,NA,"1083478211646828544","Interaction I just had with female Trump supporter who recognized me and started talking to me. Her: I should‚Äôve worn my MAGA hat. Me: Your call, sister. Her: It‚Äôs all a show anyway. Me: I wish it weren‚Äôt.","2019-01-10 21:38:30","Twitter for iPhone","2065","231","429227921","cenkuygur","Cenk Uygur","355922","946","21653","Los Angeles","Host of @TheYoungTurks the largest online news show in the world. Founder & CEO of @TYTnetwork","TRUE",NA,NA,NA,NA,NA,NA,"c(NA, NA)","c(NA, NA)","c(NA, NA, NA, NA, NA, NA, NA, NA)","https://twitter.com/Ocasio2018_/status/1083480146420457472","Alexandria Ocasio-Cortez","","(D) for US Congress, NY-14: Bronx + Queens || Justice Democrat (@JusticeDems)",NA,"FALSE","1064","33","7","44","4","2017-11-14 22:42:15","FALSE",NA,NA,"en","https://pbs.twimg.com/profile_banners/930566574288728064/1531441577",NA,"http://pbs.twimg.com/profile_images/1082767339030900736/IWiefUTk_normal.jpg"
"11","930566574288728064","1083461552441765888","2019-01-10 20:32:18","Ocasio2018_","Let‚Äôs learn about this shall we?

Many have recognized that @FoxNews has crossed a line beyond conservatism and into outright bigotry with the financing of Tucker Carlson and Laura Ingram. Tucker finances the @DailyCaller, which posted fake nudes of me. 

Here‚Äôs the breakdown ‚¨áÔ∏è https://t.co/36bcdwLpq9","Twitter for iPhone","279",NA,NA,NA,"TRUE","FALSE","1","0",NA,NA,"twitter.com/voxdotcom/stat‚Ä¶","https://t.co/36bcdwLpq9","https://twitter.com/voxdotcom/status/954432032146247681",NA,NA,NA,NA,NA,NA,NA,NA,"c(""1367531"", ""39308549"")","c(""FoxNews"", ""DailyCaller"")","en","954432032146247681","Why white supremacists love Tucker Carlson https://t.co/S7vWY8jtIQ","2018-01-19 19:15:03","Twitter Media Studio","8789","3835","2347049341","voxdotcom","Vox","789731","261","98085","","Understand the news.","TRUE",NA,NA,NA,NA,NA,NA,NA,NA,NA,NA,NA,NA,NA,NA,NA,NA,NA,NA,NA,NA,NA,"c(NA, NA)","c(NA, NA)","c(NA, NA, NA, NA, NA, NA, NA, NA)","https://twitter.com/Ocasio2018_/status/1083461552441765888","Alexandria Ocasio-Cortez","","(D) for US Congress, NY-14: Bronx + Queens || Justice Democrat (@JusticeDems)",NA,"FALSE","1064","33","7","44","4","2017-11-14 22:42:15","FALSE",NA,NA,"en","https://pbs.twimg.com/profile_banners/930566574288728064/1531441577",NA,"http://pbs.twimg.com/profile_images/1082767339030900736/IWiefUTk_normal.jpg"
"12","930566574288728064","1083271652358508544","2019-01-10 07:57:42","Ocasio2018_","We know our history. We are determined not to allow it to repeat its darkest hour. https://t.co/ZsnWpYxO5P","Twitter for iPhone","123",NA,NA,NA,"FALSE","TRUE","0","3",NA,NA,"twitter.com/jmeacham/statu‚Ä¶","https://t.co/ZsnWpYxO5P","https://twitter.com/jmeacham/status/1082804235996200960",NA,NA,NA,NA,NA,NA,NA,NA,"930566574288728064","Ocasio2018_","en",NA,NA,NA,NA,NA,NA,NA,NA,NA,NA,NA,NA,NA,NA,NA,"1083225725233070080","We know our history. We are determined not to allow it to repeat its darkest hour. https://t.co/ZsnWpYxO5P","2019-01-10 04:55:12","Twitter for iPhone","6","3","930566574288728064","Ocasio2018_","Alexandria Ocasio-Cortez","1064","33","44","","(D) for US Congress, NY-14: Bronx + Queens || Justice Democrat (@JusticeDems)","FALSE",NA,NA,NA,NA,NA,NA,"c(NA, NA)","c(NA, NA)","c(NA, NA, NA, NA, NA, NA, NA, NA)","https://twitter.com/Ocasio2018_/status/1083271652358508544","Alexandria Ocasio-Cortez","","(D) for US Congress, NY-14: Bronx + Queens || Justice Democrat (@JusticeDems)",NA,"FALSE","1064","33","7","44","4","2017-11-14 22:42:15","FALSE",NA,NA,"en","https://pbs.twimg.com/profile_banners/930566574288728064/1531441577",NA,"http://pbs.twimg.com/profile_images/1082767339030900736/IWiefUTk_normal.jpg"
"13","930566574288728064","1083271588722561024","2019-01-10 07:57:27","Ocasio2018_","I stand by anyone who has ever been the victim of sexual assault: https://t.co/67sz4WpV3i","Twitter for iPhone","103",NA,NA,NA,"FALSE","TRUE","0","61103",NA,NA,NA,NA,NA,"http://pbs.twimg.com/media/DwhvBCvVYAA-SAl.jpg","https://t.co/67sz4WpV3i","https://twitter.com/ladygaga/status/1083237788663697408/photo/1","photo","http://pbs.twimg.com/media/DwhvBCvVYAA-SAl.jpg","https://t.co/67sz4WpV3i","https://twitter.com/ladygaga/status/1083237788663697408/photo/1",NA,"14230524","ladygaga","en",NA,NA,NA,NA,NA,NA,NA,NA,NA,NA,NA,NA,NA,NA,NA,"1083237788663697408","I stand by anyone who has ever been the victim of sexual assault: https://t.co/67sz4WpV3i","2019-01-10 05:43:09","Twitter for iPhone","265265","61103","14230524","ladygaga","Lady Gaga","77568288","125671","8926","","","TRUE",NA,NA,NA,NA,NA,NA,"c(NA, NA)","c(NA, NA)","c(NA, NA, NA, NA, NA, NA, NA, NA)","https://twitter.com/Ocasio2018_/status/1083271588722561024","Alexandria Ocasio-Cortez","","(D) for US Congress, NY-14: Bronx + Queens || Justice Democrat (@JusticeDems)",NA,"FALSE","1064","33","7","44","4","2017-11-14 22:42:15","FALSE",NA,NA,"en","https://pbs.twimg.com/profile_banners/930566574288728064/1531441577",NA,"http://pbs.twimg.com/profile_images/1082767339030900736/IWiefUTk_normal.jpg"
"14","930566574288728064","1083260317679767552","2019-01-10 07:12:40","Ocasio2018_",".@AOC looks and talks like the base of the Democratic Party. She understands what we need because she‚Äôs lived it herself.

She knows that change happens when you stop looking at what‚Äôs possible and start fighting for what‚Äôs necessary.

https://t.co/RVCJ09xAuA","Twitter for iPhone","139",NA,NA,NA,"FALSE","TRUE","0","1573",NA,NA,NA,NA,NA,NA,NA,NA,NA,NA,NA,NA,NA,"c(""820705814906339328"", ""138203134"")","c(""justicedems"", ""AOC"")","en",NA,NA,NA,NA,NA,NA,NA,NA,NA,NA,NA,NA,NA,NA,NA,"1082860692418498560",".@AOC looks and talks like the base of the Democratic Party. She understands what we need because she‚Äôs lived it herself.

She knows that change happens when you stop looking at what‚Äôs possible and start fighting for what‚Äôs necessary.

https://t.co/RVCJ09xAuA","2019-01-09 04:44:42","Twitter for iPhone","7218","1573","820705814906339328","justicedems","Justice Democrats","140798","916","11521","","We helped elect @AOC because it's time for a Democratic Party that represents its voters, not just corporate donors. The political revolution is here.","TRUE",NA,NA,NA,NA,NA,NA,"c(NA, NA)","c(NA, NA)","c(NA, NA, NA, NA, NA, NA, NA, NA)","https://twitter.com/Ocasio2018_/status/1083260317679767552","Alexandria Ocasio-Cortez","","(D) for US Congress, NY-14: Bronx + Queens || Justice Democrat (@JusticeDems)",NA,"FALSE","1064","33","7","44","4","2017-11-14 22:42:15","FALSE",NA,NA,"en","https://pbs.twimg.com/profile_banners/930566574288728064/1531441577",NA,"http://pbs.twimg.com/profile_images/1082767339030900736/IWiefUTk_normal.jpg"
"15","930566574288728064","1083238220291141634","2019-01-10 05:44:51","Ocasio2018_","@Woodcutta22 Propaganda seems to be the Trump Admins speciality ;)","Twitter for iPhone","53","1083232809710379008","482518746","Woodcutta22","FALSE","FALSE","0","0",NA,NA,NA,NA,NA,NA,NA,NA,NA,NA,NA,NA,NA,"482518746","Woodcutta22","en",NA,NA,NA,NA,NA,NA,NA,NA,NA,NA,NA,NA,NA,NA,NA,NA,NA,NA,NA,NA,NA,NA,NA,NA,NA,NA,NA,NA,NA,NA,NA,NA,NA,NA,NA,NA,"c(NA, NA)","c(NA, NA)","c(NA, NA, NA, NA, NA, NA, NA, NA)","https://twitter.com/Ocasio2018_/status/1083238220291141634","Alexandria Ocasio-Cortez","","(D) for US Congress, NY-14: Bronx + Queens || Justice Democrat (@JusticeDems)",NA,"FALSE","1064","33","7","44","4","2017-11-14 22:42:15","FALSE",NA,NA,"en","https://pbs.twimg.com/profile_banners/930566574288728064/1531441577",NA,"http://pbs.twimg.com/profile_images/1082767339030900736/IWiefUTk_normal.jpg"
"16","930566574288728064","1083226055530278912","2019-01-10 04:56:31","Ocasio2018_","America is a nation of immigrants. Without immigrants, we are not America.","Twitter for iPhone","74",NA,NA,NA,"FALSE","FALSE","24","2",NA,NA,NA,NA,NA,NA,NA,NA,NA,NA,NA,NA,NA,NA,NA,"en",NA,NA,NA,NA,NA,NA,NA,NA,NA,NA,NA,NA,NA,NA,NA,NA,NA,NA,NA,NA,NA,NA,NA,NA,NA,NA,NA,NA,NA,NA,NA,NA,NA,NA,NA,NA,"c(NA, NA)","c(NA, NA)","c(NA, NA, NA, NA, NA, NA, NA, NA)","https://twitter.com/Ocasio2018_/status/1083226055530278912","Alexandria Ocasio-Cortez","","(D) for US Congress, NY-14: Bronx + Queens || Justice Democrat (@JusticeDems)",NA,"FALSE","1064","33","7","44","4","2017-11-14 22:42:15","FALSE",NA,NA,"en","https://pbs.twimg.com/profile_banners/930566574288728064/1531441577",NA,"http://pbs.twimg.com/profile_images/1082767339030900736/IWiefUTk_normal.jpg"
"17","930566574288728064","1083225725233070080","2019-01-10 04:55:12","Ocasio2018_","We know our history. We are determined not to allow it to repeat its darkest hour. https://t.co/ZsnWpYxO5P","Twitter for iPhone","82",NA,NA,NA,"TRUE","FALSE","6","3",NA,NA,"twitter.com/jmeacham/statu‚Ä¶","https://t.co/ZsnWpYxO5P","https://twitter.com/jmeacham/status/1082804235996200960",NA,NA,NA,NA,NA,NA,NA,NA,NA,NA,"en","1082804235996200960","America should ‚Äúbuild a wall of steel, a wall as high as Heaven"" against the flow of immigrants.--Georgia Gov. Clifford Walker, at a 1924 convention of the Ku Klux Klan, then a powerful force at a time of strain for the white working class. #PastIsPrologue","2019-01-09 01:00:22","Twitter Web Client","41117","20495","286339472","jmeacham","Jon Meacham","107253","709","4844","Nashville","Author, ""The Soul of America,"" ""Destiny and Power,"" ""American Lion,"" & ""Thomas Jefferson: The Art of Power.""","TRUE",NA,NA,NA,NA,NA,NA,NA,NA,NA,NA,NA,NA,NA,NA,NA,NA,NA,NA,NA,NA,NA,"c(NA, NA)","c(NA, NA)","c(NA, NA, NA, NA, NA, NA, NA, NA)","https://twitter.com/Ocasio2018_/status/1083225725233070080","Alexandria Ocasio-Cortez","","(D) for US Congress, NY-14: Bronx + Queens || Justice Democrat (@JusticeDems)",NA,"FALSE","1064","33","7","44","4","2017-11-14 22:42:15","FALSE",NA,NA,"en","https://pbs.twimg.com/profile_banners/930566574288728064/1531441577",NA,"http://pbs.twimg.com/profile_images/1082767339030900736/IWiefUTk_normal.jpg"
"18","930566574288728064","1083225585210470400","2019-01-10 04:54:39","Ocasio2018_",".@AOC to @Maddow: ""Those women and children trying to come here with nothing but the shirts on their back to create an opportunity and provide for this nation are acting more in an American tradition than this president is right now.""","Twitter for iPhone","140",NA,NA,NA,"FALSE","TRUE","0","3499",NA,NA,NA,NA,NA,NA,NA,NA,NA,NA,NA,NA,NA,"c(""45399148"", ""138203134"", ""16129920"")","c(""jeneps"", ""AOC"", ""maddow"")","en",NA,NA,NA,NA,NA,NA,NA,NA,NA,NA,NA,NA,NA,NA,NA,"1082832046375030785",".@AOC to @Maddow: ""Those women and children trying to come here with nothing but the shirts on their back to create an opportunity and provide for this nation are acting more in an American tradition than this president is right now.""","2019-01-09 02:50:52","TweetDeck","18702","3499","45399148","jeneps","Jennifer Epstein","91536","1614","44636","Earth, usually","White House reporter at Bloomberg News. New Yorker in D.C. jepstein32@bloomberg.net","TRUE",NA,NA,NA,NA,NA,NA,"c(NA, NA)","c(NA, NA)","c(NA, NA, NA, NA, NA, NA, NA, NA)","https://twitter.com/Ocasio2018_/status/1083225585210470400","Alexandria Ocasio-Cortez","","(D) for US Congress, NY-14: Bronx + Queens || Justice Democrat (@JusticeDems)",NA,"FALSE","1064","33","7","44","4","2017-11-14 22:42:15","FALSE",NA,NA,"en","https://pbs.twimg.com/profile_banners/930566574288728064/1531441577",NA,"http://pbs.twimg.com/profile_images/1082767339030900736/IWiefUTk_normal.jpg"
"19","930566574288728064","1083225558253621248","2019-01-10 04:54:33","Ocasio2018_","WATCH: Alexandria Ocasio-Cortez delivers impassioned response to President Trump‚Äôs address: ‚ÄúThe president should be really defending why we are funding [ICE] at all ‚Ä¶ right now, what we are seeing, is death.‚Äù https://t.co/4Al4GLWUvB","Twitter for iPhone","140",NA,NA,NA,"FALSE","TRUE","0","10723",NA,NA,NA,NA,NA,NA,NA,NA,NA,NA,NA,NA,NA,"2836421","MSNBC","en",NA,NA,NA,NA,NA,NA,NA,NA,NA,NA,NA,NA,NA,NA,NA,"1082833069864898562","WATCH: Alexandria Ocasio-Cortez delivers impassioned response to President Trump‚Äôs address: ‚ÄúThe president should be really defending why we are funding [ICE] at all ‚Ä¶ right now, what we are seeing, is death.‚Äù https://t.co/4Al4GLWUvB","2019-01-09 02:54:56","Wildmoka","32823","10723","2836421","MSNBC","MSNBC","2296463","588","153181","","The place for in-depth analysis, political commentary and informed perspectives.","TRUE",NA,NA,NA,NA,NA,NA,"c(NA, NA)","c(NA, NA)","c(NA, NA, NA, NA, NA, NA, NA, NA)","https://twitter.com/Ocasio2018_/status/1083225558253621248","Alexandria Ocasio-Cortez","","(D) for US Congress, NY-14: Bronx + Queens || Justice Democrat (@JusticeDems)",NA,"FALSE","1064","33","7","44","4","2017-11-14 22:42:15","FALSE",NA,NA,"en","https://pbs.twimg.com/profile_banners/930566574288728064/1531441577",NA,"http://pbs.twimg.com/profile_images/1082767339030900736/IWiefUTk_normal.jpg"
"20","930566574288728064","1083225548854222849","2019-01-10 04:54:30","Ocasio2018_","The President has decided to hold the paychecks of everyday Americans hostage so he can fulfill a campaign fantasy that the vast majority of Americans disapprove of. - @AOC 

#TrumpAddress https://t.co/IfUc50bNqY","Twitter for iPhone","140",NA,NA,NA,"FALSE","TRUE","0","3647",NA,NA,NA,NA,NA,NA,NA,NA,NA,NA,NA,NA,NA,"9589252","votolatino","en",NA,NA,NA,NA,NA,NA,NA,NA,NA,NA,NA,NA,NA,NA,NA,"1082829830624694272","The President has decided to hold the paychecks of everyday Americans hostage so he can fulfill a campaign fantasy that the vast majority of Americans disapprove of. - @AOC 

#TrumpAddress https://t.co/IfUc50bNqY","2019-01-09 02:42:04","Twitter Web Client","17401","3647","9589252","votolatino","Voto Latino","89541","3212","46555","IG: VotoLatino","Voto Latino is a pioneering civic media organization that seeks to transform America by recognizing Latinos‚Äô innate leadership. #SomosMas","TRUE",NA,NA,NA,NA,NA,NA,"c(NA, NA)","c(NA, NA)","c(NA, NA, NA, NA, NA, NA, NA, NA)","https://twitter.com/Ocasio2018_/status/1083225548854222849","Alexandria Ocasio-Cortez","","(D) for US Congress, NY-14: Bronx + Queens || Justice Democrat (@JusticeDems)",NA,"FALSE","1064","33","7","44","4","2017-11-14 22:42:15","FALSE",NA,NA,"en","https://pbs.twimg.com/profile_banners/930566574288728064/1531441577",NA,"http://pbs.twimg.com/profile_images/1082767339030900736/IWiefUTk_normal.jpg"
"21","930566574288728064","1083225467241385984","2019-01-10 04:54:11","Ocasio2018_","""Top tax rates used to be much higher, with top earners paying a 91% rate under President Eisenhower. Under Presidents Kennedy and Johnson, the rate was around 70%, like @AOC's proposal."" https://t.co/Uvgc6D0n4g","Twitter for iPhone","140",NA,NA,NA,"FALSE","TRUE","0","2630",NA,NA,NA,NA,NA,NA,NA,NA,NA,NA,NA,NA,NA,"19546942","Refinery29","en",NA,NA,NA,NA,NA,NA,NA,NA,NA,NA,NA,NA,NA,NA,NA,"1083133455389597702","""Top tax rates used to be much higher, with top earners paying a 91% rate under President Eisenhower. Under Presidents Kennedy and Johnson, the rate was around 70%, like @AOC's proposal."" https://t.co/Uvgc6D0n4g","2019-01-09 22:48:34","Twitter Web Client","11392","2630","19546942","Refinery29","Refinery29","1315159","2141","88678","New York, NY","The catalyst for women to feel, see, and claim their power.üí™ We cover news, fashion, beauty, entertainment, wellness, and more. üìù","TRUE",NA,NA,NA,NA,NA,NA,"c(NA, NA)","c(NA, NA)","c(NA, NA, NA, NA, NA, NA, NA, NA)","https://twitter.com/Ocasio2018_/status/1083225467241385984","Alexandria Ocasio-Cortez","","(D) for US Congress, NY-14: Bronx + Queens || Justice Democrat (@JusticeDems)",NA,"FALSE","1064","33","7","44","4","2017-11-14 22:42:15","FALSE",NA,NA,"en","https://pbs.twimg.com/profile_banners/930566574288728064/1531441577",NA,"http://pbs.twimg.com/profile_images/1082767339030900736/IWiefUTk_normal.jpg"
"22","930566574288728064","1083225087740829697","2019-01-10 04:52:40","Ocasio2018_","Kushner doesn‚Äôt comment but does crack a smile when asked what was the point of him coming here","Twitter for iPhone","110",NA,NA,NA,"FALSE","TRUE","0","102",NA,NA,NA,NA,NA,NA,NA,NA,NA,NA,NA,NA,NA,"407013776","burgessev","en",NA,NA,NA,NA,NA,NA,NA,NA,NA,NA,NA,NA,NA,NA,NA,"1083131318651768834","Kushner doesn‚Äôt comment but does crack a smile when asked what was the point of him coming here","2019-01-09 22:40:04","Twitter for iPhone","627","102","407013776","burgessev","Burgess Everett","71911","2007","34166","A hallway in the Capitol.","POLITICO congressional reporter. Header by the great @jnshinkle","TRUE",NA,NA,NA,NA,NA,NA,"c(NA, NA)","c(NA, NA)","c(NA, NA, NA, NA, NA, NA, NA, NA)","https://twitter.com/Ocasio2018_/status/1083225087740829697","Alexandria Ocasio-Cortez","","(D) for US Congress, NY-14: Bronx + Queens || Justice Democrat (@JusticeDems)",NA,"FALSE","1064","33","7","44","4","2017-11-14 22:42:15","FALSE",NA,NA,"en","https://pbs.twimg.com/profile_banners/930566574288728064/1531441577",NA,"http://pbs.twimg.com/profile_images/1082767339030900736/IWiefUTk_normal.jpg"
"23","930566574288728064","1083220113145221121","2019-01-10 04:32:54","Ocasio2018_","The President defended Neo-Nazis who murdered a woman in Charlottesville. 

The Dept of justice sued him for not renting to black tenants. 

He launched his campaign by calling Mexicans ‚Äúrapists.‚Äù 

He banned Muslims. 

The President is a racist. https://t.co/ufTUOYDd79","Twitter for iPhone","140",NA,NA,NA,"FALSE","TRUE","0","9",NA,NA,NA,NA,NA,NA,NA,NA,NA,NA,NA,NA,NA,"930566574288728064","Ocasio2018_","en",NA,NA,NA,NA,NA,NA,NA,NA,NA,NA,NA,NA,NA,NA,NA,"1082765755211440128","The President defended Neo-Nazis who murdered a woman in Charlottesville. 

The Dept of justice sued him for not renting to black tenants. 

He launched his campaign by calling Mexicans ‚Äúrapists.‚Äù 

He banned Muslims. 

The President is a racist. https://t.co/ufTUOYDd79","2019-01-08 22:27:27","Twitter for iPhone","26","9","930566574288728064","Ocasio2018_","Alexandria Ocasio-Cortez","1064","33","44","","(D) for US Congress, NY-14: Bronx + Queens || Justice Democrat (@JusticeDems)","FALSE",NA,NA,NA,NA,NA,NA,"c(NA, NA)","c(NA, NA)","c(NA, NA, NA, NA, NA, NA, NA, NA)","https://twitter.com/Ocasio2018_/status/1083220113145221121","Alexandria Ocasio-Cortez","","(D) for US Congress, NY-14: Bronx + Queens || Justice Democrat (@JusticeDems)",NA,"FALSE","1064","33","7","44","4","2017-11-14 22:42:15","FALSE",NA,NA,"en","https://pbs.twimg.com/profile_banners/930566574288728064/1531441577",NA,"http://pbs.twimg.com/profile_images/1082767339030900736/IWiefUTk_normal.jpg"
"24","930566574288728064","1083210062821130245","2019-01-10 03:52:58","Ocasio2018_","The @DailyCaller crossed a line. Women face more scrutiny, PERIOD! https://t.co/M4Bgb6GLEE","Twitter for iPhone","66",NA,NA,NA,"FALSE","FALSE","1","0",NA,NA,NA,NA,NA,"http://pbs.twimg.com/media/DwhVy_iUcAUhVmz.jpg","https://t.co/M4Bgb6GLEE","https://twitter.com/Ocasio2018_/status/1083210062821130245/photo/1","photo","http://pbs.twimg.com/media/DwhVy_iUcAUhVmz.jpg","https://t.co/M4Bgb6GLEE","https://twitter.com/Ocasio2018_/status/1083210062821130245/photo/1",NA,"39308549","DailyCaller","en",NA,NA,NA,NA,NA,NA,NA,NA,NA,NA,NA,NA,NA,NA,NA,NA,NA,NA,NA,NA,NA,NA,NA,NA,NA,NA,NA,NA,NA,NA,NA,NA,NA,NA,NA,NA,"c(NA, NA)","c(NA, NA)","c(NA, NA, NA, NA, NA, NA, NA, NA)","https://twitter.com/Ocasio2018_/status/1083210062821130245","Alexandria Ocasio-Cortez","","(D) for US Congress, NY-14: Bronx + Queens || Justice Democrat (@JusticeDems)",NA,"FALSE","1064","33","7","44","4","2017-11-14 22:42:15","FALSE",NA,NA,"en","https://pbs.twimg.com/profile_banners/930566574288728064/1531441577",NA,"http://pbs.twimg.com/profile_images/1082767339030900736/IWiefUTk_normal.jpg"
"25","930566574288728064","1083149649748254720","2019-01-09 23:52:55","Ocasio2018_","You know it üíóüí™üèΩ https://t.co/VNvJWCBFVa","Twitter for iPhone","15",NA,NA,NA,"TRUE","FALSE","0","0",NA,NA,"twitter.com/mattyglesias/s‚Ä¶","https://t.co/VNvJWCBFVa","https://twitter.com/mattyglesias/status/1082830139728293888",NA,NA,NA,NA,NA,NA,NA,NA,NA,NA,"en","1082830139728293888","AOC offering an extremely Jackson Heights take on immigration, restaurants, and economic growth right now.","2019-01-09 02:43:17","TweetDeck","2260","161","15446531","mattyglesias","Matthew Yglesias","416708","830","1123","Washington, DC","The only take that matters: To win in 2020, Democrats need a nominee who agrees with all of my preferences on policy and rhetorical style.","TRUE",NA,NA,NA,NA,NA,NA,NA,NA,NA,NA,NA,NA,NA,NA,NA,NA,NA,NA,NA,NA,NA,"c(NA, NA)","c(NA, NA)","c(NA, NA, NA, NA, NA, NA, NA, NA)","https://twitter.com/Ocasio2018_/status/1083149649748254720","Alexandria Ocasio-Cortez","","(D) for US Congress, NY-14: Bronx + Queens || Justice Democrat (@JusticeDems)",NA,"FALSE","1064","33","7","44","4","2017-11-14 22:42:15","FALSE",NA,NA,"en","https://pbs.twimg.com/profile_banners/930566574288728064/1531441577",NA,"http://pbs.twimg.com/profile_images/1082767339030900736/IWiefUTk_normal.jpg"
"26","930566574288728064","1083149358118330368","2019-01-09 23:51:45","Ocasio2018_",".@AOC explains how an increasingly broken legal immigration system under Trump forces people to become undocumented. https://t.co/nfIPq3XEzq","Twitter for iPhone","140",NA,NA,NA,"FALSE","TRUE","0","8358",NA,NA,NA,NA,NA,NA,NA,NA,NA,NA,NA,NA,NA,"c(""137673734"", ""138203134"")","c(""simonhedlin"", ""AOC"")","en",NA,NA,NA,NA,NA,NA,NA,NA,NA,NA,NA,NA,NA,NA,NA,"1082839948254998528",".@AOC explains how an increasingly broken legal immigration system under Trump forces people to become undocumented. https://t.co/nfIPq3XEzq","2019-01-09 03:22:16","Twitter Web Client","31577","8358","137673734","simonhedlin","Simon Hedlin","30168","3771","4303","Cambridge, MA","I'm writing a book about women's rights for Stanford University Press.  Researcher and journalist.  MA Columbia & JD/MPP Harvard.  simon.hedlin@post.harvard.edu","TRUE",NA,NA,NA,NA,NA,NA,"c(NA, NA)","c(NA, NA)","c(NA, NA, NA, NA, NA, NA, NA, NA)","https://twitter.com/Ocasio2018_/status/1083149358118330368","Alexandria Ocasio-Cortez","","(D) for US Congress, NY-14: Bronx + Queens || Justice Democrat (@JusticeDems)",NA,"FALSE","1064","33","7","44","4","2017-11-14 22:42:15","FALSE",NA,NA,"en","https://pbs.twimg.com/profile_banners/930566574288728064/1531441577",NA,"http://pbs.twimg.com/profile_images/1082767339030900736/IWiefUTk_normal.jpg"
"27","930566574288728064","1083149342486089728","2019-01-09 23:51:41","Ocasio2018_","Didn‚Äôt watch Trump last night, but am watching some @AyannaPressley this morning. You should too üëáüèæ

https://t.co/ziqtjOwSK3","Twitter for iPhone","140",NA,NA,NA,"FALSE","TRUE","0","10983",NA,NA,NA,NA,NA,NA,NA,NA,NA,NA,NA,NA,NA,"c(""3883482634"", ""31013444"")","c(""KumarRaoNYC"", ""AyannaPressley"")","en",NA,NA,NA,NA,NA,NA,NA,NA,NA,NA,NA,NA,NA,NA,NA,"1082968061475504133","Didn‚Äôt watch Trump last night, but am watching some @AyannaPressley this morning. You should too üëáüèæ

https://t.co/ziqtjOwSK3","2019-01-09 11:51:21","Twitter for iPhone","35915","10983","3883482634","KumarRaoNYC","Kumar Rao","6695","1928","11645","Brooklyn, NY","Former public defender. Human rights, attorneys of color, progressive politics, racial justice. @PopDemoc @CPDAction, @LocalProgress, @TheISPU. (views mine)","TRUE",NA,NA,NA,NA,NA,NA,"c(NA, NA)","c(NA, NA)","c(NA, NA, NA, NA, NA, NA, NA, NA)","https://twitter.com/Ocasio2018_/status/1083149342486089728","Alexandria Ocasio-Cortez","","(D) for US Congress, NY-14: Bronx + Queens || Justice Democrat (@JusticeDems)",NA,"FALSE","1064","33","7","44","4","2017-11-14 22:42:15","FALSE",NA,NA,"en","https://pbs.twimg.com/profile_banners/930566574288728064/1531441577",NA,"http://pbs.twimg.com/profile_images/1082767339030900736/IWiefUTk_normal.jpg"
"28","930566574288728064","1083126856243544064","2019-01-09 22:22:20","Ocasio2018_","If they want to make an example out of me, I will gladly be one. 

Hopefully we can be an example of dedication, courage, and persistence under fire. 

I also hope to be an example of not tolerating nonsense, too. https://t.co/0TJ2RXPiIE","Twitter for iPhone","213",NA,NA,NA,"TRUE","FALSE","10","2",NA,NA,"twitter.com/zoeinthecities‚Ä¶","https://t.co/0TJ2RXPiIE","https://twitter.com/zoeinthecities/status/1082763219083714563",NA,NA,NA,NA,NA,NA,NA,NA,NA,NA,"en","1082763219083714563","what they are doing to @AOC is not just designed to shame her. it is designed to shame all young women into thinking they should not/could not run for office‚Äîthat old videos or pictures or rumors of them would surface, that they could never dress/act/speak unimpeachably enough...","2019-01-08 22:17:22","Twitter for iPhone","59949","12810","610566084","zoeinthecities","zoe kazan","86966","1460","24687","secretly here, late as always.","RUBY SPARKS, OLIVE KITTERIDGE, THE BIG SICK, THE BALLAD OF BUSTER SCRUGGS, WILDLIFE, etc.","TRUE",NA,NA,NA,NA,NA,NA,NA,NA,NA,NA,NA,NA,NA,NA,NA,NA,NA,NA,NA,NA,NA,"c(NA, NA)","c(NA, NA)","c(NA, NA, NA, NA, NA, NA, NA, NA)","https://twitter.com/Ocasio2018_/status/1083126856243544064","Alexandria Ocasio-Cortez","","(D) for US Congress, NY-14: Bronx + Queens || Justice Democrat (@JusticeDems)",NA,"FALSE","1064","33","7","44","4","2017-11-14 22:42:15","FALSE",NA,NA,"en","https://pbs.twimg.com/profile_banners/930566574288728064/1531441577",NA,"http://pbs.twimg.com/profile_images/1082767339030900736/IWiefUTk_normal.jpg"
"29","930566574288728064","1083126194357161984","2019-01-09 22:19:42","Ocasio2018_","This is important. https://t.co/bxAN8ZoyZg","Twitter for iPhone","57",NA,NA,NA,"FALSE","TRUE","0","158",NA,NA,"twitter.com/brianschatz/st‚Ä¶","https://t.co/bxAN8ZoyZg","https://twitter.com/brianschatz/status/1083121467183779841",NA,NA,NA,NA,NA,NA,NA,NA,"755113","shaunking","en",NA,NA,NA,NA,NA,NA,NA,NA,NA,NA,NA,NA,NA,NA,NA,"1083123244494979072","This is important. https://t.co/bxAN8ZoyZg","2019-01-09 22:07:59","Twitter for iPhone","706","158","755113","shaunking","Shaun King","1113149","12574","62375","Brooklyn via LA via ATL via KY","Co-Founder @TheNorthStar & @RealJusticePAC; Columnist @TheIntercept & @TheAppeal; Mornings @TJMShow; https://t.co/TCtHkUOw5v /news@shaunking.org","TRUE",NA,NA,NA,NA,NA,NA,"c(NA, NA)","c(NA, NA)","c(NA, NA, NA, NA, NA, NA, NA, NA)","https://twitter.com/Ocasio2018_/status/1083126194357161984","Alexandria Ocasio-Cortez","","(D) for US Congress, NY-14: Bronx + Queens || Justice Democrat (@JusticeDems)",NA,"FALSE","1064","33","7","44","4","2017-11-14 22:42:15","FALSE",NA,NA,"en","https://pbs.twimg.com/profile_banners/930566574288728064/1531441577",NA,"http://pbs.twimg.com/profile_images/1082767339030900736/IWiefUTk_normal.jpg"
"30","930566574288728064","1083123936680763392","2019-01-09 22:10:44","Ocasio2018_","Border apprehensions are at a 45 year low, down 75% from 1.6 million in 2000 to 396,579 in 2018. 

The facts don't lie, but Trump does. 

Not one dollar for his vanity wall.

#TrumpShutdown https://t.co/e5gFKT1rcT","Twitter for iPhone","140",NA,NA,NA,"FALSE","TRUE","0","873",NA,NA,NA,NA,NA,NA,NA,NA,NA,NA,NA,NA,NA,"783792992","IlhanMN","en",NA,NA,NA,NA,NA,NA,NA,NA,NA,NA,NA,NA,NA,NA,NA,"1083085332655099905","Border apprehensions are at a 45 year low, down 75% from 1.6 million in 2000 to 396,579 in 2018. 

The facts don't lie, but Trump does. 

Not one dollar for his vanity wall.

#TrumpShutdown https://t.co/e5gFKT1rcT","2019-01-09 19:37:20","TweetDeck","2705","873","783792992","IlhanMN","Ilhan Omar","421471","1198","10147","Minneapolis","Mom, Refugee, Intersectional Feminist, 2017 Top Angler of the Governor's Fishing Opener and Congresswoman for #MN05. Join me: https://t.co/vJOMFCNF5f","TRUE",NA,NA,NA,NA,NA,NA,"c(NA, NA)","c(NA, NA)","c(NA, NA, NA, NA, NA, NA, NA, NA)","https://twitter.com/Ocasio2018_/status/1083123936680763392","Alexandria Ocasio-Cortez","","(D) for US Congress, NY-14: Bronx + Queens || Justice Democrat (@JusticeDems)",NA,"FALSE","1064","33","7","44","4","2017-11-14 22:42:15","FALSE",NA,NA,"en","https://pbs.twimg.com/profile_banners/930566574288728064/1531441577",NA,"http://pbs.twimg.com/profile_images/1082767339030900736/IWiefUTk_normal.jpg"
"31","930566574288728064","1082775759108730880","2019-01-08 23:07:12","Ocasio2018_","@schroesc1 And Trump does? üòÇ","Twitter for iPhone","17","1082771039132749826","3306036869","schroesc1","FALSE","FALSE","0","0",NA,NA,NA,NA,NA,NA,NA,NA,NA,NA,NA,NA,NA,"3306036869","schroesc1","en",NA,NA,NA,NA,NA,NA,NA,NA,NA,NA,NA,NA,NA,NA,NA,NA,NA,NA,NA,NA,NA,NA,NA,NA,NA,NA,NA,NA,NA,NA,NA,NA,NA,NA,NA,NA,"c(NA, NA)","c(NA, NA)","c(NA, NA, NA, NA, NA, NA, NA, NA)","https://twitter.com/Ocasio2018_/status/1082775759108730880","Alexandria Ocasio-Cortez","","(D) for US Congress, NY-14: Bronx + Queens || Justice Democrat (@JusticeDems)",NA,"FALSE","1064","33","7","44","4","2017-11-14 22:42:15","FALSE",NA,NA,"en","https://pbs.twimg.com/profile_banners/930566574288728064/1531441577",NA,"http://pbs.twimg.com/profile_images/1082767339030900736/IWiefUTk_normal.jpg"
"32","930566574288728064","1082765755211440128","2019-01-08 22:27:27","Ocasio2018_","The President defended Neo-Nazis who murdered a woman in Charlottesville. 

The Dept of justice sued him for not renting to black tenants. 

He launched his campaign by calling Mexicans ‚Äúrapists.‚Äù 

He banned Muslims. 

The President is a racist. https://t.co/ufTUOYDd79","Twitter for iPhone","246",NA,NA,NA,"TRUE","FALSE","26","9",NA,NA,"twitter.com/thefix/status/‚Ä¶","https://t.co/ufTUOYDd79","https://twitter.com/thefix/status/1082711047536930816",NA,NA,NA,NA,NA,NA,NA,NA,NA,NA,"en","1082711047536930816","Ocasio-Cortez called Trump a racist. The White House response may have proven her point. https://t.co/28KwrFZ5vU","2019-01-08 18:50:04","dlvr.it","5113","1461","846354889819279360","thefix","The Fix","6133","44","3867","Washington, DC","Political analysis from The Washington Post's @aaronblake, @byamberphillips, @eugene_scott @riegerreport and @colbyitkowitz.","TRUE",NA,NA,NA,NA,NA,NA,NA,NA,NA,NA,NA,NA,NA,NA,NA,NA,NA,NA,NA,NA,NA,"c(NA, NA)","c(NA, NA)","c(NA, NA, NA, NA, NA, NA, NA, NA)","https://twitter.com/Ocasio2018_/status/1082765755211440128","Alexandria Ocasio-Cortez","","(D) for US Congress, NY-14: Bronx + Queens || Justice Democrat (@JusticeDems)",NA,"FALSE","1064","33","7","44","4","2017-11-14 22:42:15","FALSE",NA,NA,"en","https://pbs.twimg.com/profile_banners/930566574288728064/1531441577",NA,"http://pbs.twimg.com/profile_images/1082767339030900736/IWiefUTk_normal.jpg"
"33","930566574288728064","1082399498922381312","2019-01-07 22:12:05","Ocasio2018_","The Trump White House claims 4,000 suspected terrorists have been caught crossing our southern border. Here is the exact number, according to official government records...
It‚Äôs not 4,000. 
It‚Äôs not 400. 
It‚Äôs not 40. 
It‚Äôs not even 4. 
It‚Äôs 0. 

Trump is lying. Period.","Twitter for iPhone","140",NA,NA,NA,"FALSE","TRUE","0","37398",NA,NA,NA,NA,NA,NA,NA,NA,NA,NA,NA,NA,NA,"231108733","RepBrendanBoyle","en",NA,NA,NA,NA,NA,NA,NA,NA,NA,NA,NA,NA,NA,NA,NA,"1081987697806376961","The Trump White House claims 4,000 suspected terrorists have been caught crossing our southern border. Here is the exact number, according to official government records...
It‚Äôs not 4,000. 
It‚Äôs not 400. 
It‚Äôs not 40. 
It‚Äôs not even 4. 
It‚Äôs 0. 

Trump is lying. Period.","2019-01-06 18:55:44","Twitter for iPhone","108866","37398","231108733","RepBrendanBoyle","US Rep Brendan Boyle","22434","1991","6698","Philadelphia and Washington","Congressman from Pennsylvania. Proudly representing Philadelphia and Montco. Notre Dame & Harvard alum. Husband, dad and eternally hopeful Philly sports fan.","TRUE",NA,NA,NA,NA,NA,NA,"c(NA, NA)","c(NA, NA)","c(NA, NA, NA, NA, NA, NA, NA, NA)","https://twitter.com/Ocasio2018_/status/1082399498922381312","Alexandria Ocasio-Cortez","","(D) for US Congress, NY-14: Bronx + Queens || Justice Democrat (@JusticeDems)",NA,"FALSE","1064","33","7","44","4","2017-11-14 22:42:15","FALSE",NA,NA,"en","https://pbs.twimg.com/profile_banners/930566574288728064/1531441577",NA,"http://pbs.twimg.com/profile_images/1082767339030900736/IWiefUTk_normal.jpg"
"34","930566574288728064","1081671330615836673","2019-01-05 21:58:36","Ocasio2018_","GOP loves to insult my intelligence, yet they propose this.... https://t.co/LgE7Cv37Ph","Twitter for iPhone","62",NA,NA,NA,"TRUE","FALSE","9","0",NA,NA,"twitter.com/ndrew_lawrence‚Ä¶","https://t.co/LgE7Cv37Ph","https://twitter.com/ndrew_lawrence/status/1081349052216893441",NA,NA,NA,NA,NA,NA,NA,NA,NA,NA,"en","1081349052216893441","Lou Dobbs guest Ed Rollins refers to sitting congresswoman @AOC as ""the little girl"" https://t.co/pJyjaBGX91","2019-01-05 00:37:59","Twitter Lite","3194","1487","1228462620","ndrew_lawrence","Andrew Lawrence","18145","3178","34622","","Sr. Researcher @mmfa but views here are my own - 99% of RTs are endorsements","FALSE",NA,NA,NA,NA,NA,NA,NA,NA,NA,NA,NA,NA,NA,NA,NA,NA,NA,NA,NA,NA,NA,"c(NA, NA)","c(NA, NA)","c(NA, NA, NA, NA, NA, NA, NA, NA)","https://twitter.com/Ocasio2018_/status/1081671330615836673","Alexandria Ocasio-Cortez","","(D) for US Congress, NY-14: Bronx + Queens || Justice Democrat (@JusticeDems)",NA,"FALSE","1064","33","7","44","4","2017-11-14 22:42:15","FALSE",NA,NA,"en","https://pbs.twimg.com/profile_banners/930566574288728064/1531441577",NA,"http://pbs.twimg.com/profile_images/1082767339030900736/IWiefUTk_normal.jpg"
"35","930566574288728064","1081671085727178752","2019-01-05 21:57:37","Ocasio2018_","That ‚Äúlittle girl‚Äù is about to rock your world.  Underestimate @AOC at your own risk. https://t.co/QdPYdjDwca","Twitter for iPhone","129",NA,NA,NA,"FALSE","TRUE","0","6133",NA,NA,"twitter.com/ndrew_lawrence‚Ä¶","https://t.co/QdPYdjDwca","https://twitter.com/ndrew_lawrence/status/1081349052216893441",NA,NA,NA,NA,NA,NA,NA,NA,"c(""806862084277407744"", ""138203134"")","c(""ValerieJarrett"", ""AOC"")","en",NA,NA,NA,NA,NA,NA,NA,NA,NA,NA,NA,NA,NA,NA,NA,"1081615365451468801","That ‚Äúlittle girl‚Äù is about to rock your world.  Underestimate @AOC at your own risk. https://t.co/QdPYdjDwca","2019-01-05 18:16:13","Twitter for iPhone","48969","6133","806862084277407744","ValerieJarrett","Valerie Jarrett","108298","487","3140","","Proud mom; Senior Advisor-@BarackObama Center; Board Chair-When We All Vote; Co-Chair-United State of Women; & advocate for equity & justice.","TRUE",NA,NA,NA,NA,NA,NA,"c(NA, NA)","c(NA, NA)","c(NA, NA, NA, NA, NA, NA, NA, NA)","https://twitter.com/Ocasio2018_/status/1081671085727178752","Alexandria Ocasio-Cortez","","(D) for US Congress, NY-14: Bronx + Queens || Justice Democrat (@JusticeDems)",NA,"FALSE","1064","33","7","44","4","2017-11-14 22:42:15","FALSE",NA,NA,"en","https://pbs.twimg.com/profile_banners/930566574288728064/1531441577",NA,"http://pbs.twimg.com/profile_images/1082767339030900736/IWiefUTk_normal.jpg"
"36","930566574288728064","1081671037274734592","2019-01-05 21:57:26","Ocasio2018_","Our residents deserve #cleanair, the right to quality education, universal health care &amp; every opportunity that helps us thrive. This is why I  support repealing #PAYGO. Every single person in #13thDistrictStrong deserves to live in a just &amp; equitable society. #rootedincommunity https://t.co/ymnpI9N9rH","Twitter for iPhone","143",NA,NA,NA,"FALSE","TRUE","0","2154","cleanair",NA,NA,NA,NA,NA,NA,NA,NA,NA,NA,NA,NA,"435331179","RashidaTlaib","en",NA,NA,NA,NA,NA,NA,NA,NA,NA,NA,NA,NA,NA,NA,NA,"1081520623568998400","Our residents deserve #cleanair, the right to quality education, universal health care &amp; every opportunity that helps us thrive. This is why I  support repealing #PAYGO. Every single person in #13thDistrictStrong deserves to live in a just &amp; equitable society. #rootedincommunity https://t.co/ymnpI9N9rH","2019-01-05 11:59:44","Twitter for Android","13022","2154","435331179","RashidaTlaib","Rashida Tlaib","285772","2421","9477","Detroit, MI","Unbossed Congresswoman for  Michigan's #13districtstrong 

Mama working for justice, social worker at heart, Detroiter, Palestinian American, proud Muslima.","TRUE",NA,NA,NA,NA,NA,NA,"c(NA, NA)","c(NA, NA)","c(NA, NA, NA, NA, NA, NA, NA, NA)","https://twitter.com/Ocasio2018_/status/1081671037274734592","Alexandria Ocasio-Cortez","","(D) for US Congress, NY-14: Bronx + Queens || Justice Democrat (@JusticeDems)",NA,"FALSE","1064","33","7","44","4","2017-11-14 22:42:15","FALSE",NA,NA,"en","https://pbs.twimg.com/profile_banners/930566574288728064/1531441577",NA,"http://pbs.twimg.com/profile_images/1082767339030900736/IWiefUTk_normal.jpg"
"37","930566574288728064","1025927788333690880","2018-08-05 02:13:40","Ocasio2018_","@erby1kabogey @MagicPeaceLove @freedomrideblog @Ocasio2018 I‚Äôve been 100% consistent since day 1.","Twitter for iPhone","38","1025209622850940929","328938003","erby1kabogey","FALSE","FALSE","0","0",NA,NA,NA,NA,NA,NA,NA,NA,NA,NA,NA,NA,NA,"c(""328938003"", ""17266669"", ""24454091"")","c(""erby1kabogey"", ""MagicPeaceLove"", ""freedomrideblog"")","en",NA,NA,NA,NA,NA,NA,NA,NA,NA,NA,NA,NA,NA,NA,NA,NA,NA,NA,NA,NA,NA,NA,NA,NA,NA,NA,NA,NA,NA,NA,NA,NA,NA,NA,NA,NA,"c(NA, NA)","c(NA, NA)","c(NA, NA, NA, NA, NA, NA, NA, NA)","https://twitter.com/Ocasio2018_/status/1025927788333690880","Alexandria Ocasio-Cortez","","(D) for US Congress, NY-14: Bronx + Queens || Justice Democrat (@JusticeDems)",NA,"FALSE","1064","33","7","44","4","2017-11-14 22:42:15","FALSE",NA,NA,"en","https://pbs.twimg.com/profile_banners/930566574288728064/1531441577",NA,"http://pbs.twimg.com/profile_images/1082767339030900736/IWiefUTk_normal.jpg"
"38","930566574288728064","1024053286905634816","2018-07-30 22:05:04","Ocasio2018_","I highly doubt that Sessions and this administration, who fought to ban Muslims from this country, value ‚Äúreligious liberty‚Äù at all. 

They believe in and prop up a false, zero-sum world where the expansion of ones rights must come at the cost of another‚Äôs. 

Vote them out in Nov https://t.co/LNFx1F10zl","Twitter for iPhone","280",NA,NA,NA,"TRUE","FALSE","15","4",NA,NA,"twitter.com/ABC/status/102‚Ä¶","https://t.co/LNFx1F10zl","https://twitter.com/ABC/status/1023934951920525313",NA,NA,NA,NA,NA,NA,NA,NA,NA,NA,"en","1023934951920525313","NEW: Attorney General Jeff Sessions announces ""Religious Liberty Task Force.""

Sessions says the task force will ""help the Department fully implement our religious liberty guidance,"" including ""making sure our employees know their duties to accommodate people of faith."" https://t.co/R6s2CYmdue","2018-07-30 14:14:50","SnappyTV.com","1548","1310","28785486","ABC","ABC News","14065343","559","236771","New York City / Worldwide","All the news and information you need to see, curated by the @ABC News team. Instagram: https://t.co/pPlGmNHztz","TRUE",NA,NA,NA,NA,NA,NA,NA,NA,NA,NA,NA,NA,NA,NA,NA,NA,NA,NA,NA,NA,NA,"c(NA, NA)","c(NA, NA)","c(NA, NA, NA, NA, NA, NA, NA, NA)","https://twitter.com/Ocasio2018_/status/1024053286905634816","Alexandria Ocasio-Cortez","","(D) for US Congress, NY-14: Bronx + Queens || Justice Democrat (@JusticeDems)",NA,"FALSE","1064","33","7","44","4","2017-11-14 22:42:15","FALSE",NA,NA,"en","https://pbs.twimg.com/profile_banners/930566574288728064/1531441577",NA,"http://pbs.twimg.com/profile_images/1082767339030900736/IWiefUTk_normal.jpg"
"39","930566574288728064","1024052479556603904","2018-07-30 22:01:51","Ocasio2018_","@Chuutritt Thank You!","Twitter for iPhone","10","1023207359013769221","49115943","Chuutritt","FALSE","FALSE","0","0",NA,NA,NA,NA,NA,NA,NA,NA,NA,NA,NA,NA,NA,"49115943","Chuutritt","en",NA,NA,NA,NA,NA,NA,NA,NA,NA,NA,NA,NA,NA,NA,NA,NA,NA,NA,NA,NA,NA,NA,NA,NA,NA,NA,NA,NA,NA,NA,NA,NA,NA,NA,NA,NA,"c(NA, NA)","c(NA, NA)","c(NA, NA, NA, NA, NA, NA, NA, NA)","https://twitter.com/Ocasio2018_/status/1024052479556603904","Alexandria Ocasio-Cortez","","(D) for US Congress, NY-14: Bronx + Queens || Justice Democrat (@JusticeDems)",NA,"FALSE","1064","33","7","44","4","2017-11-14 22:42:15","FALSE",NA,NA,"en","https://pbs.twimg.com/profile_banners/930566574288728064/1531441577",NA,"http://pbs.twimg.com/profile_images/1082767339030900736/IWiefUTk_normal.jpg"
"40","930566574288728064","1022223722600484865","2018-07-25 20:55:02","Ocasio2018_","Republicans are so scared of me that they‚Äôre faking videos and presenting them as real on Facebook because they can‚Äôt deal with reality anymore. 

Here‚Äôs the ne bonafide truth: 
Election Day is November 6th. https://t.co/aI5OiFLFNv","Twitter for iPhone","207",NA,NA,NA,"TRUE","FALSE","12","1",NA,NA,"twitter.com/shanegoldmache‚Ä¶","https://t.co/aI5OiFLFNv","https://twitter.com/shanegoldmacher/status/1021746115014795264",NA,NA,NA,NA,NA,NA,NA,NA,NA,NA,"en","1021746115014795264","This faked interview of @Ocasio2018 by @CRTV has nearly 1 million views on Facebook. In less than 24 hours. 

Interview didn't happen. It takes clips from @MargaretHoover's show and edits in faux questions. 

Not labeled satire (other than a üòâ emoji).
https://t.co/ipUPsOoyLH","2018-07-24 13:17:11","Twitter Web Client","5577","3723","23232204","ShaneGoldmacher","Shane Goldmacher","46550","2782","44905","New York, NY","New York Times chief Metro political correspondent. Former @POLITICO, @NationalJournal and @latimes. SF Giants fan. TIPS: shane.goldmacher@nytimes.com","TRUE",NA,NA,NA,NA,NA,NA,NA,NA,NA,NA,NA,NA,NA,NA,NA,NA,NA,NA,NA,NA,NA,"c(NA, NA)","c(NA, NA)","c(NA, NA, NA, NA, NA, NA, NA, NA)","https://twitter.com/Ocasio2018_/status/1022223722600484865","Alexandria Ocasio-Cortez","","(D) for US Congress, NY-14: Bronx + Queens || Justice Democrat (@JusticeDems)",NA,"FALSE","1064","33","7","44","4","2017-11-14 22:42:15","FALSE",NA,NA,"en","https://pbs.twimg.com/profile_banners/930566574288728064/1531441577",NA,"http://pbs.twimg.com/profile_images/1082767339030900736/IWiefUTk_normal.jpg"
"41","930566574288728064","1017567939501801472","2018-07-13 00:34:36","Ocasio2018_","Had an incredible time sharing thoughts with @CWAUnion members this morning. 

The power of grassroots organizing is real - and we can use it to power new, 21st Century Labor and Civil Rights Movements. 

Janus means it‚Äôs time to grab a clipboard and keep moving. Let‚Äôs go. https://t.co/kqv3ei2dr4","Twitter for iPhone","273",NA,NA,NA,"FALSE","FALSE","3","1",NA,NA,NA,NA,NA,"http://pbs.twimg.com/media/Dh8gkDQVMAE4ZJU.jpg","https://t.co/kqv3ei2dr4","https://twitter.com/Ocasio2018_/status/1017567939501801472/photo/1","photo","http://pbs.twimg.com/media/Dh8gkDQVMAE4ZJU.jpg","https://t.co/kqv3ei2dr4","https://twitter.com/Ocasio2018_/status/1017567939501801472/photo/1",NA,"28796289","CWAUnion","en",NA,NA,NA,NA,NA,NA,NA,NA,NA,NA,NA,NA,NA,NA,NA,NA,NA,NA,NA,NA,NA,NA,NA,NA,NA,NA,NA,NA,NA,NA,NA,NA,NA,NA,NA,NA,"c(NA, NA)","c(NA, NA)","c(NA, NA, NA, NA, NA, NA, NA, NA)","https://twitter.com/Ocasio2018_/status/1017567939501801472","Alexandria Ocasio-Cortez","","(D) for US Congress, NY-14: Bronx + Queens || Justice Democrat (@JusticeDems)",NA,"FALSE","1064","33","7","44","4","2017-11-14 22:42:15","FALSE",NA,NA,"en","https://pbs.twimg.com/profile_banners/930566574288728064/1531441577",NA,"http://pbs.twimg.com/profile_images/1082767339030900736/IWiefUTk_normal.jpg"
"42","930566574288728064","1017567004390125568","2018-07-13 00:30:53","Ocasio2018_","Alexandria &amp; I know that megadonors are no match for bold candidates with vision who can inspire people to action. 

Like @Ocasio2018, we don't depend on developer dollars ‚Äî we depend on you! Help us take on North Brooklyn's political machine ‚û°Ô∏è https://t.co/mkQt0yKA7S https://t.co/CtYZKLDyWj","Twitter for iPhone","144",NA,NA,NA,"FALSE","TRUE","0","468",NA,NA,NA,NA,NA,NA,NA,NA,NA,NA,NA,NA,NA,NA,NA,"en",NA,NA,NA,NA,NA,NA,NA,NA,NA,NA,NA,NA,NA,NA,NA,"1017204342150062081","Alexandria &amp; I know that megadonors are no match for bold candidates with vision who can inspire people to action. 

Like @Ocasio2018, we don't depend on developer dollars ‚Äî we depend on you! Help us take on North Brooklyn's political machine ‚û°Ô∏è https://t.co/mkQt0yKA7S https://t.co/CtYZKLDyWj","2018-07-12 00:29:48","Twitter Web Client","1931","468","981309087764934661","SalazarSenate","Julia Salazar for State Senate","24375","963","1346","Bushwick, Brooklyn","Campaign account for New York State Senator representing the 18th District (North Brooklyn). Reach out: info@salazarforsenate.com or follow @JuliaCarmel__","FALSE",NA,NA,NA,NA,NA,NA,"c(NA, NA)","c(NA, NA)","c(NA, NA, NA, NA, NA, NA, NA, NA)","https://twitter.com/Ocasio2018_/status/1017567004390125568","Alexandria Ocasio-Cortez","","(D) for US Congress, NY-14: Bronx + Queens || Justice Democrat (@JusticeDems)",NA,"FALSE","1064","33","7","44","4","2017-11-14 22:42:15","FALSE",NA,NA,"en","https://pbs.twimg.com/profile_banners/930566574288728064/1531441577",NA,"http://pbs.twimg.com/profile_images/1082767339030900736/IWiefUTk_normal.jpg"
"43","930566574288728064","1017566971716517888","2018-07-13 00:30:46","Ocasio2018_",".@Ocasio2018 believes her congressional race is energizing the community vote in anticipation of September‚Äôs primary. ‚ÄúPeople have realized that organization matters‚Ä¶what‚Äôs most important is to make sure that we are building consensus with the grassroots,"" she says.","Twitter for iPhone","140",NA,NA,NA,"FALSE","TRUE","0","188",NA,NA,NA,NA,NA,NA,NA,NA,NA,NA,NA,NA,NA,"c(""44491388"", ""138203134"")","c(""InsideCityHall"", ""Ocasio2018"")","en",NA,NA,NA,NA,NA,NA,NA,NA,NA,NA,NA,NA,NA,NA,NA,"1017185187355156480",".@Ocasio2018 believes her congressional race is energizing the community vote in anticipation of September‚Äôs primary. ‚ÄúPeople have realized that organization matters‚Ä¶what‚Äôs most important is to make sure that we are building consensus with the grassroots,"" she says.","2018-07-11 23:13:41","Twitter Web Client","1109","188","44491388","InsideCityHall","Inside City Hall","19564","67","22708","New York City","New York City political news and analysis from Spectrum News @NY1. Hosted by @errollouis weeknights at 7 & 11 p.m.","TRUE",NA,NA,NA,NA,NA,NA,"c(NA, NA)","c(NA, NA)","c(NA, NA, NA, NA, NA, NA, NA, NA)","https://twitter.com/Ocasio2018_/status/1017566971716517888","Alexandria Ocasio-Cortez","","(D) for US Congress, NY-14: Bronx + Queens || Justice Democrat (@JusticeDems)",NA,"FALSE","1064","33","7","44","4","2017-11-14 22:42:15","FALSE",NA,NA,"en","https://pbs.twimg.com/profile_banners/930566574288728064/1531441577",NA,"http://pbs.twimg.com/profile_images/1082767339030900736/IWiefUTk_normal.jpg"
"44","930566574288728064","941566105176260609","2017-12-15 07:10:27","Ocasio2018_","@paulwojcik Um.... because he hesitated. When Yoda did it, Luke was pissed for a moment. ..... were you paying attention??","Twitter for iPhone","110","941565585800007681","99181710","paulwojcik","FALSE","FALSE","1","0",NA,NA,NA,NA,NA,NA,NA,NA,NA,NA,NA,NA,NA,"99181710","paulwojcik","en",NA,NA,NA,NA,NA,NA,NA,NA,NA,NA,NA,NA,NA,NA,NA,NA,NA,NA,NA,NA,NA,NA,NA,NA,NA,NA,NA,NA,NA,NA,NA,NA,NA,NA,NA,NA,"c(NA, NA)","c(NA, NA)","c(NA, NA, NA, NA, NA, NA, NA, NA)","https://twitter.com/Ocasio2018_/status/941566105176260609","Alexandria Ocasio-Cortez","","(D) for US Congress, NY-14: Bronx + Queens || Justice Democrat (@JusticeDems)",NA,"FALSE","1064","33","7","44","4","2017-11-14 22:42:15","FALSE",NA,NA,"en","https://pbs.twimg.com/profile_banners/930566574288728064/1531441577",NA,"http://pbs.twimg.com/profile_images/1082767339030900736/IWiefUTk_normal.jpg"
